statement ok
drop table if exists math_sample_numbers all

statement ok
CREATE TABLE math_sample_numbers (timestamp UInt32, value Int32) Engine = Fuse

statement ok
INSERT INTO math_sample_numbers VALUES ('1', '-1'), ('2', '-2'), ('3', '3')

query F
SELECT pi()
----
3.141592653589793

query I
SELECT abs(-1)
----
1

query I
SELECT abs(-10086)
----
10086


statement error 1065
SELECT abs('-233.0')


statement error 1065
SELECT abs('blah')


statement error 1065
SELECT abs(TRUE)


statement error 1049
select abs(-9223372036854775808)

query T
SELECT abs(NULL)
----
NULL

query I
SELECT abs(value) FROM math_sample_numbers
----
1
2
3

query I
SELECT abs(value) + abs(-1) FROM math_sample_numbers
----
2
3
4

statement ok
drop table if exists math_log_numbers

statement ok
CREATE TABLE math_log_numbers (a Float null, b Float null) Engine = Fuse

statement ok
INSERT INTO math_log_numbers VALUES (2.0, 1024.0), (NULL, 12), (12, NULL)

query T
SELECT log(NULL)
----
NULL

query T
SELECT log(NULL, NULL)
----
NULL

query T
SELECT log(1, NULL)
----
NULL

query T
SELECT log(NULL, 1)
----
NULL

query F
SELECT log(10, 100)
----
2.0

query T
SELECT ln(NULL)
----
NULL

query F
SELECT ln(1, 2)
----
Infinity

query T
SELECT log10(NULL)
----
NULL

query F
SELECT log10(100)
----
2.0

query F
SELECT log2(2)
----
1.0

query F
SELECT log(a, b) FROM math_log_numbers
----
10.0
NULL
NULL

statement ok
DROP TABLE math_log_numbers

query I
SELECT mod(234, 10)
----
4

query I
SELECT mod(29, 9)
----
2

query F
SELECT mod(34.5, 3)
----
1.5

query T
SELECT exp(NULL)
----
NULL

query F
SELECT exp(2)
----
7.38905609893065


statement error 1065
SELECT exp('2')

query F
SELECT sin(0)
----
0.0

query F
SELECT cos(0)
----
1.0

query F
SELECT tan(0)
----
0.0

query F
SELECT tan(pi()/4)
----
0.9999999999999999

query F
SELECT cot(0)
----
Infinity

query F
SELECT cot(pi()/4)
----
1.0000000000000002

query F
SELECT asin(0.2)
----
0.2013579207903308

query F
SELECT asin(1.1)
----
NaN

query F
SELECT acos(1)
----
0.0

query F
SELECT acos(1.0001)
----
NaN

query F
SELECT atan(1)
----
0.7853981633974483

query F
SELECT atan(-1)
----
-0.7853981633974483

query F
SELECT atan(-2, 2)
----
-0.7853981633974483

query F
SELECT atan2(-2, 2)
----
-0.7853981633974483

query F
SELECT atan2(pi(), 0)
----
1.5707963267948966

query T
SELECT atan2(-2, NULL)
----
NULL

query T
SELECT atan2(NULL, 2)
----
NULL

query T
SELECT atan2(NULL, NULL)
----
NULL

query T
SELECT atan2(NULL, number) from numbers(2)
----
NULL
NULL

query T
SELECT atan2(number, NULL) from numbers(2)
----
NULL
NULL

query F
SELECT sqrt(4)
----
2.0

query F
SELECT sqrt(0)
----
0.0

query F
SELECT sqrt(-4)
----
NaN

statement error 1065
SELECT sqrt('a')

query F
SELECT pow(2, 2)
----
4.0

query F
SELECT pow(-2, 2)
----
4.0

query F
SELECT pow(2, -2)
----
0.25

query T
SELECT pow(NULL, 2)
----
NULL

query T
SELECT pow(2, NULL)
----
NULL

query T
SELECT pow(NULL, number) from numbers(2)
----
NULL
NULL

query T
SELECT pow(number, NULL) from numbers(2)
----
NULL
NULL


statement error 1065
SELECT pow('a', 2)


statement error 1065
SELECT pow(2, 'a')

statement ok
DROP TABLE math_sample_numbers

