statement ok
drop table if exists t all

statement ok
set timezone = 'UTC'

query B
SELECT today() >= 18869
----
1



query B
SELECT now() >= 1630295616
----
1



query TB
select to_datetime(1630833797), to_int64(to_datetime(1630833797)) = 1630833797000000
----
2021-09-05 09:23:17.000000 1


query TB
select to_datetime(1630833797123), to_int64(to_datetime(1630833797123)) = 1630833797123000
----
2021-09-05 09:23:17.123000 1


query TB
select to_datetime(1630833797123456), to_int64(to_datetime(1630833797123456)) = 1630833797123456
----
2021-09-05 09:23:17.123456 1


query TB
select to_datetime(1630320462000000), to_int64(to_datetime(1630320462000000))  = 1630320462000000
----
2021-08-30 10:47:42.000000 1

query TB
select to_date(18869), to_uint32(to_date(18869))  = 18869
----
2021-08-30 1


query TB
select to_datetime(1640019661000000), to_int64(to_datetime(1640019661000000))  = 1640019661000000
----
2021-12-20 17:01:01.000000 1


query T
select to_date('1000-01-01')
----
1000-01-01

query T
select to_date('9999-12-31')
----
9999-12-31


statement error 1010
select to_date('10000-12-31')

query T
select to_date('0999-12-31')
----
1000-01-01

query T
select to_datetime('1000-01-01 00:00:00')
----
1000-01-01 00:00:00.000000

query T
select to_datetime('9999-12-31 23:59:59')
----
9999-12-31 23:59:59.000000

query T
select to_datetime('9999-12-31 ')
----
9999-12-31 00:00:00.000000

query T
select to_datetime('9999-12-31T')
----
9999-12-31 00:00:00.000000

query T
select to_datetime('9999-12-31 23')
----
9999-12-31 23:00:00.000000

query T
select to_datetime('9999-12-31 23:')
----
9999-12-31 23:00:00.000000

query T
select to_datetime('9999-12-31 23:59')
----
9999-12-31 23:59:00.000000

query T
select to_datetime('9999-12-31 23:59:')
----
9999-12-31 23:59:00.000000

statement error 1010
select to_datetime('9999-01-01 00x')

statement error 1010
select to_datetime('9999-01-01 001')

statement error 1010
select to_datetime('9999-01-01 01:123')

statement error 1010
select to_datetime('9999-01-01 01:12.123+02:00')

statement error 1010
select to_datetime('10000-01-01 00:00:00')

query T
select to_datetime('0999-12-31 23:59:59')
----
1000-01-01 00:00:00.000000

query T
select to_datetime('2022-12-31T23:59:59+00:00')
----
2022-12-31 23:59:59.000000

query B
select typeof(today() + 3) = 'DATE'
----
1

query B
select typeof(today() - 3) = 'DATE'
----
1

query B
select typeof(now() - 3) = 'TIMESTAMP'
----
1

query B
select typeof(to_datetime(1640019661000000)) = 'TIMESTAMP'
----
1

query B
select today() + 1 - today() = 1
----
1

query B
select typeof(today() - today()) = 'INT'
----
1

query B
select typeof(now() - now()) = 'INT'
----
1

query B
select sum(today() + number - today()) = 45 from numbers(10)
----
1

query B
select today() - 1 = yesterday()
----
1

query B
select today() - yesterday()  = 1
----
1

query B
select today() + 1 = tomorrow()
----
1



query B
select tomorrow() - today() = 1
----
1

query I
select to_yyyymm(to_datetime(1630833797000000))
----
202109

query I
select to_yyyymm(to_date(18875))
----
202109

query B
select to_yyyymm(to_datetime(1630833797000000))  =  202109
----
1

query B
select to_yyyymm(to_date(18875))  =  202109
----
1

query T
select time_slot(to_datetime(1630320462000000))
----
2021-08-30 10:30:00.000000

query T
select to_start_of_hour(to_datetime(1630320462000000))
----
2021-08-30 10:00:00.000000

query T
select to_start_of_fifteen_minutes(to_datetime(1630320462000000))
----
2021-08-30 10:45:00.000000

query T
select to_start_of_minute(to_datetime(1630320462000000))
----
2021-08-30 10:47:00.000000

query T
select to_start_of_five_minutes(to_datetime(1630320462000000))
----
2021-08-30 10:45:00.000000

query T
select to_start_of_ten_minutes(to_datetime(1630320462000000))
----
2021-08-30 10:40:00.000000

query B
select time_slot(now()) <= now()
----
1

query I
select to_yyyymmddhhmmss(to_datetime(1630833797000000))
----
20210905092317

query I
select to_yyyymmddhhmmss(to_date(18875))
----
20210905000000

query B
select to_yyyymmddhhmmss(to_datetime(1630833797000000))  =  20210905092317
----
1

query B
select to_yyyymmddhhmmss(to_date(18875))  =  20210905000000
----
1

query I
select to_yyyymmdd(to_datetime(1630833797000000))
----
20210905

query I
select to_yyyymmdd(to_date(18875))
----
20210905

query B
select to_yyyymmdd(to_datetime(1630833797000000))  =  20210905
----
1

query B
select to_yyyymmdd(to_date(18875))  =  20210905
----
1

query T
select to_start_of_year(to_datetime(1630812366000000))
----
2021-01-01

query T
select to_start_of_iso_year(to_datetime(1630812366000000))
----
2021-01-04

query T
select to_start_of_year(to_date(18869))
----
2021-01-01

query T
select to_start_of_iso_year(to_date(18869))
----
2021-01-04

query T
select to_start_of_quarter(to_datetime(1631705259000000))
----
2021-07-01

query T
select to_start_of_quarter(to_datetime(1621078059000000))
----
2021-04-01

query T
select to_start_of_month(to_datetime(1631705259000000))
----
2021-09-01

query T
select to_start_of_quarter(to_date(18885))
----
2021-07-01

query T
select to_start_of_quarter(to_date(18762))
----
2021-04-01

query T
select to_start_of_month(to_date(18885))
----
2021-09-01

query T
select to_start_of_week(to_datetime(1632397739000000))
----
2021-09-19

query T
select to_start_of_week(to_datetime(1632397739000000), 0)
----
2021-09-19

query T
select to_start_of_week(to_datetime(1632397739000000), 1)
----
2021-09-20

query T
select to_start_of_week(to_datetime(1632397739000000), 2)
----
2021-09-19

query T
select to_start_of_week(to_datetime(1632397739000000), 3)
----
2021-09-20

query T
select to_start_of_week(to_datetime(1632397739000000), 4)
----
2021-09-19

query T
select to_start_of_week(to_datetime(1632397739000000), 5)
----
2021-09-20

query T
select to_start_of_week(to_datetime(1632397739000000), 6)
----
2021-09-19

query T
select to_start_of_week(to_datetime(1632397739000000), 7)
----
2021-09-20

query T
select to_start_of_week(to_datetime(1632397739000000), 8)
----
2021-09-19

query T
select to_start_of_week(to_datetime(1632397739000000), 9)
----
2021-09-20

query T
select to_start_of_week(to_date(18769))
----
2021-05-16

query T
select to_start_of_week(to_date(18769), 0)
----
2021-05-16

query T
select to_start_of_week(to_date(18769), 1)
----
2021-05-17

query T
select to_start_of_week(to_date(18769), 2)
----
2021-05-16

query T
select to_start_of_week(to_date(18769), 3)
----
2021-05-17

query T
select to_start_of_week(to_date(18769), 4)
----
2021-05-16

query T
select to_start_of_week(to_date(18769), 5)
----
2021-05-17

query T
select to_start_of_week(to_date(18769), 6)
----
2021-05-16

query T
select to_start_of_week(to_date(18769), 7)
----
2021-05-17

query T
select to_start_of_week(to_date(18769), 8)
----
2021-05-16

query T
select to_start_of_week(to_date(18769), 9)
----
2021-05-17

statement error 1079
select to_start_of_week(to_date('1000-01-01'))

statement error 1079
select to_start_of_week(to_datetime('1000-01-01 00:00:00'))

## 2020-2-29 + 1 year
query T
select add_years(to_date(18321), cast(1, UINT8))
----
2021-02-28

query T
select add_years(to_date(18321), cast(1, UINT16))
----
2021-02-28

query T
select add_years(to_date(18321), cast(1, UINT32))
----
2021-02-28

query T
select add_years(to_date(18321), cast(1, UINT64))
----
2021-02-28

query T
select add_years(to_date(18321), cast(-1, INT8))
----
2019-02-28

query T
select add_years(to_date(18321), cast(-1, INT16))
----
2019-02-28

query T
select add_years(to_date(18321), cast(-1, INT32))
----
2019-02-28

query T
select add_years(to_date(18321), cast(-1, INT64))
----
2019-02-28

## 2020-2-29T10:00:00 + 50 years
query T
select add_years(to_datetime(1582970400000000), cast(50, INT8))
----
2070-02-28 10:00:00.000000

## 2020-2-29T10:00:00 - 50 years
query T
select add_years(to_datetime(1582970400000000), cast(-50, INT8))
----
1970-02-28 10:00:00.000000


statement error 1079
select add_years(to_date('9999-12-31'), 1)

statement error 1080
select add_years(to_datetime('9999-12-31 23:59:59'), 1)

## 2020-2-29 - 13 months
query T
select subtract_months(to_date(18321), cast(13, INT16))
----
2019-01-29

## 2020-2-29T10:00:00 - (12*10 + 2) months
query T
select subtract_months(to_datetime(1582970400000000), cast(122, INT16))
----
2009-12-29 10:00:00.000000


statement error 1079
select subtract_months(to_date('1000-01-01'), 1)

statement error 1080
select subtract_months(to_datetime('1000-01-01 00:00:00'), 1)

## 2020-2-29 + 1 day
query T
select add_days(to_date(18321), cast(1, INT16))
----
2020-03-01

## 2020-2-29T10:00:00 - 1 day
query T
select add_days(to_datetime(1582970400000000), cast(-1, INT16))
----
2020-02-28 10:00:00.000000

statement error 1079
select add_days(to_date('9999-12-31'), 1)

statement error 1080
select add_days(to_datetime('9999-12-31 23:59:59'), 1)

## 2020-2-29T10:00:00 + 25 hours
query T
select add_hours(to_datetime(1582970400000000), cast(25, INT32))
----
2020-03-01 11:00:00.000000


query T
select add_hours(to_date(18321), cast(1.2, Float32))
----
2020-02-29 01:00:00.000000


statement error 1080
select add_hours(to_date('9999-12-31'), 24)

statement error 1080
select add_hours(to_datetime('9999-12-31 23:59:59'), 1)

## 2020-2-29T10:00:00 - 1 minutes
query T
select subtract_minutes(to_datetime(1582970400000000), cast(1, INT32))
----
2020-02-29 09:59:00.000000

statement error 1080
select subtract_minutes(to_date('1000-01-01'), 1)

statement error 1080
select subtract_minutes(to_datetime('1000-01-01 00:00:00'), 1)

## 2020-2-29T10:00:00 + 61 seconds
query T
select add_seconds(to_datetime(1582970400000000), cast(61, INT32))
----
2020-02-29 10:01:01.000000


query I
select to_month(to_datetime(1633081817000000))
----
10

query I
select to_month(to_date(18901))
----
10

query B
select to_month(to_datetime(1633081817000000))  =  10
----
1



query B
select to_month(to_date(18901))  =  10
----
1



query I
select to_day_of_year(to_datetime(1633173324000000))
----
275

query I
select to_day_of_year(to_date(18902))
----
275

query B
select to_day_of_year(to_datetime(1633173324000000))  =  275
----
1



query B
select to_day_of_year(to_date(18902))  =  275
----
1



query I
select to_day_of_month(to_datetime(1633173324000000))
----
2

query I
select to_day_of_month(to_date(18902))
----
2

query B
select to_day_of_month(to_datetime(1633173324000000))  =  2
----
1



query B
select to_day_of_month(to_date(18902))  =  2
----
1



query I
select to_day_of_week(to_datetime(1633173324000000))
----
6

query I
select to_day_of_week(to_date(18902))
----
6

query B
select to_day_of_week(to_datetime(1633173324000000))  =  6
----
1



query B
select to_day_of_week(to_date(18902))  =  6
----
1



query B
select to_hour(to_datetime(1634551542000000))  =  10
----
1



query B
select to_minute(to_datetime(1634551542000000))  =  5
----
1



query B
select to_second(to_datetime(1634551542000000))  =  42
----
1



query B
select to_monday(to_datetime(1634614318000000))  =  to_date('2021-10-18')
----
1

query B
SELECT to_datetime(1651017600000)::String = to_date('2022-04-27')
----
1

query B
SELECT to_datetime(1651017600000) = to_date('2022-04-27')
----
1

query B
select to_year(to_datetime(1646404329000000)) = 2022
----
1

query T
select date_add(QUARTER, 1, to_date('2018-01-02'))
----
2018-04-02

query T
select date_sub(QUARTER, 1, to_date('2018-01-02'))
----
2017-10-02

query T
select date_trunc(month, to_date('2022-07-07'))
----
2022-07-01

query B
select EXTRACT(YEAR FROM to_datetime('2022-03-04 22:32:09')) = 2022
----
1



query B
select EXTRACT(MONTH FROM to_datetime('2022-03-04 22:32:09')) = 3
----
1



query B
select EXTRACT(DAY FROM to_datetime('2022-03-04 22:32:09')) = 4
----
1



query B
select EXTRACT(HOUR FROM to_datetime('2022-03-04 22:32:09')) = 22
----
1



query B
select EXTRACT(MINUTE FROM to_datetime('2022-03-04 22:32:09')) = 32
----
1



query B
select EXTRACT(SECOND FROM to_datetime('2022-03-04 22:32:09')) = 9
----
1



query B
select to_datetime('2022-04-01 06:50:20')   = '2022-04-01 06:50:20'
----
1



query B
select to_datetime('2022-04-01 06:50:20')   > '2022-04-01 04:50:20'
----
1



query B
select to_datetime('2022-04-01 06:50:20')   < '2022-04-02 04:50:20'
----
1

statement ok
drop table if exists ts

statement ok
create table ts(a DateTime(6), b DateTime, c Date)

statement ok
insert into ts values('2022-02-03 00:00:00', '2022-02-03', today())

query B
select to_datetime(a) = to_datetime(b) from ts
----
1

statement ok
drop table if exists ts

statement ok
drop table if exists t

statement ok
create table t(a datetime, b DateTime(3), c Date)

statement ok
insert into t values('2022-04-02 15:10:28', '2022-04-02 15:10:28', '1000-01-01')

statement ok
insert into t values('2022-04-02 15:10:28.221', '2022-04-02 15:10:28.221', '9999-12-31')

statement ok
insert into t values('0999-04-02 15:10:28.221', '2022-04-02 15:10:28.222', '2020-10-10')

statement error 1010
insert into t values('10000-01-01 00:00:00', '2022-04-02 15:10:28.221', '2020-10-10')

statement ok
insert into t values('2022-04-02 15:10:28.221', '2022-04-02 15:10:28.223', '0999-10-10')

statement ok
insert into t values('2022-04-02T15:10:28+08:13', '2022-04-02T15:10:28.223-08:00', '2022-04-02')

statement ok
insert into t values('2022-04-02T15:10:28-08:13', '2022-04-02T15:10:28.223+08:00', '2022-04-02')

skipif clickhouse
statement error 1010
insert into t values('2022-04-02 15:10:28.221', '2022-04-02 15:10:28.221', '10000-10-10')

query TTT
select * from t order by b
----
2022-04-02 23:23:28.000000  2022-04-02 07:10:28.223000  2022-04-02
2022-04-02 15:10:28.000000  2022-04-02 15:10:28.000000  1000-01-01
2022-04-02 15:10:28.221000  2022-04-02 15:10:28.221000  9999-12-31
1000-01-01 00:00:00.000000  2022-04-02 15:10:28.222000  2020-10-10
2022-04-02 15:10:28.221000  2022-04-02 15:10:28.223000  1000-01-01
2022-04-02 06:57:28.000000  2022-04-02 23:10:28.223000  2022-04-02

statement ok
drop table t

