query T
SELECT '1'::string from numbers(3)
----
1
1
1

query T
SELECT {'w1vY1t5':-15239676694.972677,'6UfU721':-4905646705.765232} from numbers(3);
----
{'w1vY1t5':-15239676694.972677,'6UfU721':-4905646705.765232}
{'w1vY1t5':-15239676694.972677,'6UfU721':-4905646705.765232}
{'w1vY1t5':-15239676694.972677,'6UfU721':-4905646705.765232}


# String concatenation
query T
SELECT 'hello' || ' ' || 'world' FROM numbers(1);
----
hello world

query T
SELECT '!@#$%^&*()'::string, 'ä½ å¥½'::string, 'ðŸŒŸ'::string;
----
!@#$%^&*() ä½ å¥½ ðŸŒŸ

# String with escape sequences
query T
SELECT 'line1-line2'::string, 'tab\there'::string;
----
line1-line2 tab	here

query T
SELECT UPPER('hello'), LOWER('WORLD'), LENGTH('databend') FROM numbers(1);
----
HELLO world 8

# String with JSON objects
query T
SELECT {'key': 'value'::string, 'numbers': 123::string} FROM numbers(2);
----
{'key':'value','numbers':'123'}
{'key':'value','numbers':'123'}


# String with scientific notation
query T
SELECT {'scientific': 1.23e-4, 'regular': 123.456} FROM numbers(1);
----
{'scientific':0.000123,'regular':123.456000}


# String with very long content
query T
SELECT repeat('a', 100)::string FROM numbers(1);
----
aaaaaaaaaaaaaaaaaaaaaaaaaaaaaaaaaaaaaaaaaaaaaaaaaaaaaaaaaaaaaaaaaaaaaaaaaaaaaaaaaaaaaaaaaaaaaaaaaaaa

# String with whitespace handling
query T
SELECT TRIM('  spaced  ')::string, LTRIM('  left')::string, RTRIM('right  ')::string;
----
spaced	left	right

# String with NULL values
query T
SELECT NULL::string, COALESCE(NULL::string, 'default') FROM numbers(1);
----
NULL	default


## string cast to date/datetime

statement ok
create or replace table test_to_date( col1 string, col2 string);

statement ok
insert into test_to_date select '2024-09-1' || number::string a,  a || ' 00:00:00' from numbers(10);

statement ok
insert into test_to_date select '2024-01-1' || number::string a, a || ' 00:00:00' from numbers(10);


query I
select count() from test_to_date where to_date(col1) between  to_date('2024-01-01') and to_date('2024-10-01');
----
20

query I
select count() from test_to_date where to_timestamp(col2) between  to_timestamp('2024-01-01') and to_timestamp('2024-10-01');
----
20

query I
select count() from test_to_date where to_timestamp(col2) between  to_timestamp('2026-01-01') and to_timestamp('2030-10-01');
----
0

query I
select count() from test_to_date where to_date(col1) between  to_date('2099-01-01') and to_date('9999-12-20');
----
0

statement ok
insert into test_to_date select '9999-12-1' || number::string a, a || ' 00:00:00' from numbers(10);

query I
select count() from test_to_date where to_date(col1) between  to_date('2099-01-01') and to_date('9999-12-20');
----
10

statement ok
insert into test_to_date select '2024-01-3' || number::string a, a || ' 00:00:00' from numbers(10);

statement error
select count() from test_to_date where to_date(col1) between  to_date('2024-01-01') and to_date('2024-10-01');

