statement ok
set timezone = 'UTC'

query B
SELECT '2022-02-03T00:00:00+09:00'::DATE = '2022-02-02'::DATE
----
1

query T
select '0000-00-00'::DATE
----
1970-01-01

query T
select '0099-05-16'::DATE
----
0099-05-16

# FIXME: After Parser update then remove ::STRING
query T
select '1022-05-16'::DATE, date '1022-05-16', timestamp '1022-05-16', (timestamp_tz '1022-05-16')::string
----
1022-05-16 1022-05-16 1022-05-16 00:00:00.000000 1022-05-16 00:00:00.000000 +0000

query T
select '0000-00-00 00:00:00.868894'::DATE
----
1970-01-01

query T
select '0099-05-16T03:25:02.868894'::DATE
----
0099-05-16

query T
select '1022-05-16 03:25:02.868894'::DATE
----
1022-05-16

statement ok
drop database if exists db1

statement ok
create database db1

statement ok
create table db1.t1(id int, a date)

statement ok
insert into db1.t1 values(1, '2022-01-01 02:00:11'), (2, '2022-01-02T02:00:22'), (3, '2022-02-02T04:00:03+00:00'), (4, '2022-03-02T01:12:00+07:00')

query IT
select * from db1.t1 order by id
----
1  2022-01-01
2  2022-01-02
3  2022-02-02
4  2022-03-01

query I
select id from db1.t1 where a = '2022-03-02T01:12:00+07:00'
----
4

query I
select id from db1.t1 where a = '2022-03-01T00:00:00+00:00'
----
4

query I
select id from db1.t1 where a = '2022-03-01T00:00:00.000001+00:00'
----
4

statement ok
insert into db1.t1 values(5, '2022-03-02')

query I
select id from db1.t1 where a > '2022-03-02T01:12:00+07:00'
----
5

query I
select id from db1.t1 where a <> '2022-03-02' order by id
----
1
2
3
4

statement ok
drop database db1
