statement ok
CREATE DATABASE IF NOT EXISTS data_type

statement ok
USE data_type

statement ok
DROP TABLE IF EXISTS t

statement ok
CREATE TABLE t(tiny TINYINT, tiny_unsigned TINYINT UNSIGNED)

statement ok
INSERT INTO t VALUES (-1, 1)

query II
SELECT * FROM t
----
-1 1

query I
SELECT sum(tiny) FROM t GROUP BY tiny
----
-1

statement ok
TRUNCATE TABLE t

statement ok
INSERT INTO t VALUES (127, 255)

query II
SELECT * FROM t
----
127 255

statement ok
TRUNCATE TABLE t

statement ok
INSERT INTO t VALUES (-128, 0)

query II
SELECT * FROM t
----
-128 0

query RR
select 10.234567899999999e80, 1234567890123456789012345678901234567890123456789012345678901234567890.1e-80;
----
1.0234567899999998e+81 1.2345678901234568e-11

statement ok
DROP DATABASE data_type

