statement ok
create table test_r (weeks int16 not null,hours int16 not null) engine=random;

query I
with t as ( select to_weeks(weeks) + to_hours(hours) as i, weeks*168+hours as h from test_r limit 10000), t1 as ( select ROW_NUMBER() OVER (ORDER BY h) AS num_h,ROW_NUMBER() OVER (ORDER BY i) AS num_i from t) select count_if(num_h=num_i) from t1;
----
10000

statement ok
drop table test_r;

statement ok
create or replace table t (c interval);

statement ok
insert into t values('1 year'),('1 months'),('1 day'),('1 hour'),('1 minute'),('1 second'),('1 microsecond');

skipif mysql
query T
select * from t order by c;
----
0:00:00.000001
0:00:01
0:01:00
1:00:00
1 day
1 month
1 year

skipif mysql
query T
select sum(c) from t;
----
9385:01:01.000001

skipif mysql
query T
select sum(c) from t where c <= interval '1 day';
----
25:01:01.000001

statement ok
drop table t;

skipif mysql
query T
select EXTRACT(epoch from '1 day 2 hours 3 minutes'::INTERVAL);
----
93780.0

skipif mysql
query T
select EXTRACT(minute from '1 day 2 hours 3 minutes'::INTERVAL);
----
3

skipif mysql
query T
select EXTRACT(hour from '1 day 48 hours 3600 minutes'::INTERVAL);
----
108

skipif mysql
query T
select EXTRACT(day from '1 day 48 hours 3600 minutes'::INTERVAL);
----
1

skipif mysql
query T
select EXTRACT(second from '1 day 2 hours 3 minutes 200 seconds 100 microsecond'::INTERVAL);
----
20.0001

skipif mysql
query T
select EXTRACT(microsecond from '1 day 2 hours 3 minutes 200 seconds 100 microsecond'::INTERVAL);
----
20000100

skipif mysql
query T
select EXTRACT(month from '3 months 60 day 2 hours 3 minutes 200 seconds 100 microsecond'::INTERVAL);
----
3

skipif mysql
query T
select EXTRACT(year from '1 years 13 months 60 day 2 hours 3 minutes 200 seconds 100 microsecond'::INTERVAL);
----
2
