query TTII
select metadata$filename, $2, metadata$file_row_number, $1 from @data_s3/tsv/no_newline.tsv (file_format=>'tsv')
----
testbucket/data/tsv/no_newline.tsv 2 0 1
testbucket/data/tsv/no_newline.tsv 4 1 3


statement ok
create or replace table t(file_name string, c2 string,  `row` int, c1 int)

query TIITI
copy into t from (select metadata$filename, $2, metadata$file_row_number + 1, $1 from @data_s3/tsv/no_newline.tsv) file_format=(type=tsv)
----
tsv/no_newline.tsv 2 0 NULL NULL

query TTII
select * from t
----
testbucket/data/tsv/no_newline.tsv 2 1 1
testbucket/data/tsv/no_newline.tsv 4 2 3
