statement ok
SELECT * from system.tables where name = 'tables' and created_on > '2022-07-01 12:16:58.630'

query T
select * from (select name from system.tables where database='system') where name='tables'
----
tables

statement error 1006
select name from system.tables where database='system' and table_id='xx'

statement ok
create or replace table default.tables(id int)

# default.tables, system.tables, system.columns, and other table under system database
query T
select count() > 10 from system.tables where database='system' or name in ('tables', 'columns');
----
1

statement ok
create or replace database a;

statement ok
create or replace database b;

statement ok
create or replace database c;

statement ok
create or replace table a.t(id int);

statement ok
create or replace table b.t(id int);

statement ok
create or replace table c.t(id int);

statement ok
create or replace table c.t100(id int);

statement ok
insert into c.t100 values(1), (2), (3), (4), (5), (6), (7), (8);

query T
select name, database from system.tables where database='c' or name ='t' order by name,database;
----
t a
t b
t c
t100 c

query T
select count() > 0 from system.tables where database not in ('system', 'default');
----
1

query T
select count() > 0 from system.tables where database not in ('default');
----
1

query T
select name, database from system.tables where database='c' or name ='t' or name like 't10%' order by name, database;
----
t a
t b
t c
t100 c

statement ok
drop table default.tables

query T
select name, database, num_rows from system.tables where database='c' and name ='t100';
----
t100 c 8

query T
select name, database, owner from system.tables where database='c' and name ='t100';
----
t100 c account_admin

statement ok
select * from system.malloc_stats_totals;

statement ok
CREATE or replace TABLE default.test(a int not null, b int not null, c int not null) bloom_index_columns='a,b,c' COMPRESSION='zstd' STORAGE_FORMAT='native'

query T
select table_option, is_external from system.tables where name='test' and database='default'
----
 BLOOM_INDEX_COLUMNS='a,b,c' COMPRESSION='zstd' STORAGE_FORMAT='native' 0

statement ok
select * from system.malloc_stats;

statement ok
drop database if exists a;

statement ok
drop database if exists b;

statement ok
drop database if exists c;
