statement ok
set max_threads = 16

query II
SELECT number, number + 3 FROM numbers_mt (1000) where number > 5 order by number desc limit 3
----
999 1002
998 1001
997 1000

query II
SELECT number%3 as c1, number%2 as c2 FROM numbers_mt (10) order by c1 desc, c2 asc
----
2 0
2 0
2 1
1 0
1 1
1 1
0 0
0 0
0 1
0 1

query II
SELECT number%3 as c1, number%2 as c2 FROM numbers_mt (10) order by c1, number desc
----
0 1
0 0
0 1
0 0
1 1
1 0
1 1
2 0
2 1
2 0

statement ok
DROP TABLE if EXISTS t1

statement ok
create table t1(id int)

statement ok
insert into t1 select number as id from numbers(10)

query I
select * from t1 order by id asc limit 3,3
----
3
4
5

query I
select * from t1 order by id desc limit 3,3
----
6
5
4

statement ok
drop table t1

query IT
SELECT number, null from numbers(3) order by number desc
----
2 NULL
1 NULL
0 NULL

statement ok
DROP TABLE IF EXISTS t2

statement ok
CREATE TABLE IF NOT EXISTS t2(id Int null, var Variant null) Engine = Fuse

statement ok
INSERT INTO t2 VALUES(1, parse_json('{"k":"v"}')),                     (2, parse_json('"abcd"')),                     (3, parse_json('[1,2,3]')),                     (4, parse_json('10')),                     (5, parse_json('null')),                     (6, parse_json('true'))

query IT
SELECT id, var FROM t2 ORDER BY var ASC
----
6 true
4 10
2 "abcd"
1 {"k":"v"}
3 [1,2,3]
5 null

query IT
SELECT id, var FROM t2 ORDER BY var DESC
----
5 null
3 [1,2,3]
1 {"k":"v"}
2 "abcd"
4 10
6 true

statement ok
DROP TABLE t2

statement ok
drop table if exists t3

statement ok
CREATE TABLE IF NOT EXISTS t3(id Int null, arr Array(Int32)) Engine = Fuse

statement ok
INSERT INTO t3 VALUES(1, [1,2,3]), (2, [1,2,4]), (3, []), (4, [3,4,5]), (5, [4]), (6, [4,5])

statement ok
DROP TABLE t3

query I
SELECT number FROM numbers(10000) ORDER BY number LIMIT 3
----
0
1
2

query I
SELECT number FROM numbers(10000) ORDER BY number DESC LIMIT 3
----
9999
9998
9997

statement error 1065
SELECT number FROM numbers_mt(10) ORDER BY sum(number)

statement error 1065
SELECT number FROM numbers_mt(10) ORDER BY count(*) + 1

statement ok
CREATE TABLE t1(a int, b int);

statement ok
INSERT INTO t1 VALUES(1, 3),(2, 1), (3, 2)

query I
SELECT * from t1 order by 1;
----
1 3
2 1
3 2

query I
SELECT * from t1 order by 2;
----
2 1
3 2
1 3

statement error 1065
SELECT * from t1 order by 3;

query I
SELECT * from t1 order by t1.a;
----
1 3
2 1
3 2

query I
SELECT * from t1 order by t1.b;
----
2 1
3 2
1 3

statement error 1065
SELECT * from t1 order by t1.1;

query I 
SELECT * from t1 order by 'a';
----
1 3
2 1
3 2

query I 
SELECT * from t1 order by '1', 1;
----
1 3
2 1
3 2

statement ok
DROP TABLE if EXISTS t1