statement ok
create or replace database distinct_test;

statement ok
use distinct_test;

query I
SELECT DISTINCT * FROM numbers(3) order by number
----
0
1
2

query I
SELECT DISTINCT 1 FROM numbers(3)
----
1

query I
SELECT DISTINCT (number %3) c FROM numbers(1000) ORDER BY c
----
0
1
2

query I
SELECT count(distinct number %3) c FROM numbers(1000) where number > 3;
----
3

query I
SELECT DISTINCT row_number() OVER (PARTITION BY number) FROM numbers(100)
----
1

query II
select
    count(distinct case when t1.use_status = 1
                            and date_format(t1.use_time,'%Y-%m-%d') >= '2023-01-01'
                            and date_format(t1.use_time,'%Y-%m-%d') <= '2023-01-01'
                        then t1.user_id else null end) as `使用的门店数`, 1 as xxx
from (
    select 1 use_status,'222' user_id ,'2023-01-01' use_time union all
    select 1 use_status,'222' user_id ,'2023-01-01' use_time union all
    select 0 use_status,'277' user_id ,'2023-01-01' use_time union all
    select 1 use_status,'287' user_id ,'2023-01-01' use_time
) t1
----
2 1

query I
select
    count(distinct case when t1.use_status = 1
                            and date_format(t1.use_time,'%Y-%m-%d') >= '2023-01-01'
                            and date_format(t1.use_time,'%Y-%m-%d') <= '2023-01-01'
                        then t1.user_id else null end) as `使用的门店数`
from (
    select 1 use_status,'222' user_id ,'2023-01-01' use_time union all
    select 1 use_status,'222' user_id ,'2023-01-01' use_time union all
    select 0 use_status,'277' user_id ,'2023-01-01' use_time union all
    select 1 use_status,'287' user_id ,'2023-01-01' use_time
) t1
----
2

statement ok
CREATE OR REPLACE TABLE city_dict (id int, city VARCHAR);

statement ok
INSERT INTO city_dict (id, city) VALUES
(1, '宝和旅南游司团府有府晋'),
(2, '防平团山县市'),
(3, '管动人府建团泉管永政市资福'),
(4, '病营人山公团政国司晋服设南城山街'),
(5, '管动人府建团区场民夷办镇市'),
(6, '武安人县服国山服街运街'),
(7, '资国盖城社街'),
(8, '武安人理局永政市资福'),
(9, '乡场盖生理永政市资福'),
(10, '宝和人人理公警障街2'),
(11, '部委资人理产永政市资福'),
(12, '管动人府建团人司局局南团街'),
(13, '城乡盖综产服场健府县街'),
(14, '市公人街松永政市资福'),
(15, '部委资人浦社福平服服南社街'),
(16, '事道人南建永政市资福'),
(17, '乡场盖生桐街府有府晋'),
(18, '乡场盖生桐街'),
(19, '资服盖平商司政游司中城心动商平生安'),
(20, '乡场盖团事健政市资福'),
(21, '管动人安山街'),
(22, '部委资人安山街'),
(23, '武安人政国司晋服设南城山街'),
(24, '府门人人司局局南团街'),
(25, '人生桐街府政有县资晋'),
(26, '资人鼎桐民夷办镇市'),
(27, '政'),
(28, '晋团场人南团街'),
(29, '资鼎桐府县心动商平生安'),
(30, '资'),
(31, '商平生安武安昌生安'),
(32, '泽'),
(33, '资民夷办镇市'),
(34, '处建平商司政游司中城心动商平生安'),
(35, '平局安县和政道建建信'),
(36, '人限乡永政市资福'),
(37, '桐'),
(38, '盖场人南团街'),
(39, '旅南游司团金康区处道建福局福理岩花局建信'),
(40, '人峰场团政国司晋服设南城山街'),
(41, '安人生桐街'),
(42, '事道人山管资永政市资福'),
(43, '事道人资长民夷办镇市'),
(44, '部委资人场人南团街'),
(45, '局和人安山街'),
(46, '资国盖安长健政市资福'),
(47, '管动人金康区处延限南'),
(48, '管动人部委资县福城山街'),
(49, '防人盖生桐街'),
(50, '管动人府建团场人南团服市山局有街'),
(51, '分部人政平民夷办镇市'),
(52, '事府部委资县街心动商平生安'),
(53, '府门人场人南团街'),
(54, '局府盖生桐街'),
(55, '局和人生桐街管场昌街'),
(56, '部委资人生桐街'),
(57, '府浦盖南福生安'),
(58, '局府盖镇山健政市资福'),
(59, '管动人场人南团街'),
(60, '事道人泽场民夷办镇市'),
(61, '建平丰府政福心动事府商平生安管动昌生安'),
(62, '管动人夷事中瓯镇社鼎司建信'),
(63, '局和人光国团政市资福安平民夷办镇市'),
(64, '管动人府建团综产服场健府县街'),
(137, '局和部市事建事事城部管资人人武'),
(66, 'GateShel'),
(67, 'GateShell'),
(68, '市公人街松永政市资福'),
(69, '部委资人浦社福平服服南社街'),
(70, '事道人南建永政市资福'),
(71, '乡场盖生桐街府有府晋'),
(72, '乡场盖生桐街'),
(73, '资服盖平商司政游司中城心动商平生安'),
(74, '乡场盖团事健政市资福'),
(75, '管动人安山街'),
(76, '部委资人安山街'),
(77, '武安人政国司晋服设南城山街'),
(78, '府门人人司局局南团街'),
(79, '局和人生桐街府政有县资晋'),
(80, '部委资人鼎桐民夷办镇市'),
(81, '体人市晋团场人南团街'),
(82, '事府部委资鼎桐府县心动商平生安'),
(83, '建平展资商平生安武安昌生安'),
(84, '事道人泽资民夷办镇市'),
(85, '事府务处建平商司政游司中城心动商平生安'),
(86, '城乡盖平局安县和政道建建信'),
(87, '部委资县服国山服街运街'),
(88, '管桐人限乡永政市资福'),
(89, '资国盖场人南团街'),
(90, '宝和旅南游司团金康区处道建福局福理岩花局建信'),
(91, '宝和人峰场团政国司晋服设南城山街'),
(92, '武安人生桐街'),
(93, '事道人山管资永政市资福'),
(94, '事道人资长民夷办镇市'),
(95, '部委资人场人南团街'),
(96, '局和人安山街'),
(97, '资国盖安长健政市资福'),
(98, '管动人金康区处延限南'),
(99, '管动人部委资县福城山街'),
(100, '防人盖生桐街'),
(101, '管动人府建团场人南团服市山局有街'),
(102, '分部人政平民夷办镇市'),
(103, '事府部委资县街心动商平生安'),
(104, '府门人场人南团街'),
(105, '局府盖生桐街'),
(106, '局和人生桐街管场昌街'),
(107, '部委资人生桐街'),
(108, '府桐盖南福生安'),
(109, '局府盖镇山健政市资福'),
(110, '管动人场人南团街'),
(111, '事道人泽场民夷办镇市'),
(112, '建平丰府政福心动事府商平生安管动昌生安'),
(113, '管动人夷事中'),
(114, '局和人光国团政市资福安平民夷办镇市'),
(115, '瓯镇社鼎司建信'),
(116, '管动人府建团综产服场健府县街'),
(117, '管动人武资道建建信南团延限南'),
(118, '管动人人理公警障街01'),
(119, '部委资人南福生'),
(120, '警障街02'),
(121, '管动人人理公'),
(122, '部委资人人司局局南团街'),
(123, '局和人局局团资'),
(124, '信民夷办镇市'),
(125, '乡场盖团安永政市资福'),
(126, '管动部委鼎司心动商平生安'),
(127, '部委资人山光民夷办镇市'),
(128, '队处盖场人南团'),
(129, '事府务游人生'),
(130, '事心动商平生安管动南团昌生安'),
(131, '管动人资服康集崇城街'),
(132, '病营人县福城山街'),
(133, '资服盖场人南团服市山局有街'),
(134, '管动人展资'),
(135, '府门人员运永政市资福'),
(136, '南团街'),
(137, '事府部委和建鼎司商平生安');

statement ok
CREATE OR REPLACE TABLE abc (
    xx VARCHAR,
    yy VARCHAR,
    city VARCHAR,
    zz VARCHAR,
    dd FLOAT
);

statement ok
CREATE OR REPLACE TABLE xyz (
    dqwdlx VARCHAR,
    city VARCHAR
);


statement ok
INSERT INTO abc (xx, yy, city, zz, dd)
SELECT
    CASE WHEN n.number % 2 = 0 THEN 'A01' ELSE 'A02' END,
    CASE WHEN n.number % 2 = 0 THEN '投夷城政A' ELSE '投夷城政B' END,
    d.city,
    'p0106003',
    (n.number % 120)
FROM numbers(40000) n
JOIN city_dict d
ON n.number % 137 = d.id % 137;


statement ok
INSERT INTO xyz (dqwdlx, city)
SELECT
    CASE WHEN n.number % 2 = 0 THEN '务理' ELSE '人理' END,
    d.city
FROM numbers(2000) n
JOIN city_dict d
ON n.number % 137 = d.id % 137;

statement ok
INSERT INTO abc (xx, yy, city, zz, dd)
SELECT
    -- 投夷城政代码
    CASE WHEN number % 2 = 0 THEN 'A01' ELSE 'A02' END,
    -- 投夷城政名称
    CASE WHEN number % 2 = 0 THEN '投夷城政A' ELSE '投夷城政B' END,
    -- 障街名称
    concat('障街', (number % 1000)),
    -- 指标代码
    'p0106003',
    -- 指标值（城警障昌小于100，障昌府于100）
    (number % 120)
FROM numbers(40000);

statement ok
INSERT INTO xyz (dqwdlx, city)
SELECT
    CASE WHEN number % 2 = 0 THEN '务理' ELSE '人理' END,
    concat('障街', (number % 1000))
FROM numbers(2000);

statement ok
select
    '地域画像' yjmk,
    '专报需夷' ejmk,
    'p0301008' zz,
    '按时办团率低于100%的务人理单位名称' zbmc,
    '本周' sjwdlx,
    xx,
    yy,
   listagg(distinct t1.city,',') dd,
    '家' zbdw
from (
    select
        xx,
        yy,
        city
    from abc
) t1
join (
    select
        dqwdlx,
        city
    from xyz
) t2
    on t1.city=t2.city
group by
    xx,
    yy ;

statement ok
drop database distinct_test;
