statement ok
SET enable_parallel_union_all = 1;

query I
select * from (select number as a from numbers(1) union all select number as b from numbers(3) union all select number as c from numbers(10)) order by a;
----
0
0
0
1
1
2
2
3
4
5
6
7
8
9

statement ok
SET enable_parallel_union_all = 0;

query I
select * from (select number as a from numbers(1) union all select number as b from numbers(3) union all select number as c from numbers(10)) order by a;
----
0
0
0
1
1
2
2
3
4
5
6
7
8
9
