statement ok
DROP DATABASE IF EXISTS db1

statement ok
DROP DATABASE IF EXISTS db2;

statement ok
CREATE DATABASE db1;

statement ok
CREATE DATABASE db2;

statement ok
USE db1;

statement ok
CREATE TABLE IF NOT EXISTS t1(a Int8 null, b UInt32 null, c Date null, d DateTime null, e String null, f Float64 null) Engine = Fuse

statement ok
INSERT INTO t1 (a,b,c,d,e,f) VALUES(-1, 33, '2021-08-15', '2021-08-15 10:00:00', 'string1234', 1.4e5), (101, 67, '2021-11-15', '2021-11-15 10:00:00', 'string5678', 9.9e-3),                                       (101, 67, '2021-11-15', '2021-11-15 10:00:00', 'string5678', 9.9E+3),                                       (100, 100, '0000-00-00', '0000-00-00 00:00:00', 'string7890', 12.34),                                       (100, 100, '0001-01-01', '0001-01-01 00:00:00', 'stringabcd', 56.78)

query IITTTF
select * from t1
----
-1 33 2021-08-15 2021-08-15 10:00:00.000000 string1234 140000.0
101 67 2021-11-15 2021-11-15 10:00:00.000000 string5678 0.0099
101 67 2021-11-15 2021-11-15 10:00:00.000000 string5678 9900.0
100 100 1970-01-01 1970-01-01 00:00:00.000000 string7890 12.34
100 100 1000-01-01 1000-01-01 00:00:00.000000 stringabcd 56.78

query II
select sum(a),sum(b) from t1
----
401 367

statement ok
CREATE TABLE IF NOT EXISTS t_str(a Varchar)

statement ok
INSERT INTO t_str(a) values( 'a"b\"c\'d')

statement ok
INSERT INTO t_str(a) values( 'a"b\"c\\\'d')

onlyif mysql
query T
select * from t_str order by a
----
a"b\"c'd
a"b\"c\'d

statement ok
create table if not exists st1(a string)

statement error (?s)1303.*Table columns count is not match, expect 1, input: 2, expr: \[Literal \{ span: Some\(1\.\.4\), value: String\("a"\) \}, Literal \{ span: Some\(6\.\.9\), value: String\("b"\) \}\]
insert into st1 values ('a', 'b')

statement ok
create table if not exists ts1(a timestamp)

statement ok
insert into ts1 values (1676620596564)

query T
select * from ts1
----
2023-02-17 07:56:36.564000

statement ok
drop table ts1

statement ok
drop table st1

statement ok
DROP DATABASE db1;

statement ok
CREATE TABLE IF NOT EXISTS db2.t2(a UInt32 null) Engine = Fuse

statement ok
INSERT INTO db2.t2 VALUES(1)

statement ok
DROP DATABASE if exists db2

statement ok
DROP DATABASE if exists db1
