statement ok
DROP DATABASE IF EXISTS db1

statement ok
DROP DATABASE IF EXISTS db2;

statement ok
CREATE DATABASE db1;

statement ok
CREATE DATABASE db2;

statement ok
USE db1;

statement error 1065
explain VALUES(2), (3), (COUNT(*) OVER ()), (4), (5)

statement ok
CREATE TABLE IF NOT EXISTS t1(a Int8 null, b UInt32 null, c Date null, d DateTime null, e String null, f Float64 null) Engine = Fuse

statement ok
INSERT INTO t1 (a,b,c,d,e,f) VALUES(-1, 33, '2021-08-15', '2021-08-15 10:00:00', 'string1234', 1.4e5), (101, 67, '2021-11-15', '2021-11-15 10:00:00', 'string5678', 9.9e-3),                                       (101, 67, '2021-11-15', '2021-11-15 10:00:00', 'string5678', 9.9E+3),                                       (100, 100, '0000-00-00', '0000-00-00 00:00:00', 'string7890', 12.34),                                       (100, 100, '0001-01-01', '0001-01-01 00:00:00', 'stringabcd', 56.78)

query IITTTF
select * from t1
----
-1 33 2021-08-15 2021-08-15 10:00:00.000000 string1234 140000.0
101 67 2021-11-15 2021-11-15 10:00:00.000000 string5678 0.0099
101 67 2021-11-15 2021-11-15 10:00:00.000000 string5678 9900.0
100 100 1970-01-01 1970-01-01 00:00:00.000000 string7890 12.34
100 100 1000-01-01 1000-01-01 00:00:00.000000 stringabcd 56.78

query II
select sum(a),sum(b) from t1
----
401 367


statement ok
CREATE TABLE IF NOT EXISTS t_str(a Varchar)

statement ok
INSERT INTO t_str(a) values( 'a"b\"c\'d')

statement ok
INSERT INTO t_str(a) values( 'a"b\"c\\\'d')

statement error (?s)1005
INSERT INTO t_str values('aaa','bbb'''sssd...);

onlyif mysql
query T
select * from t_str order by a
----
a"b\"c'd
a"b\"c\'d

statement ok
create table if not exists st1(a string)

statement error (?s)1303.*Table columns count is not match, expect 1, input: 2, expr: \[Literal \{ span: Some\(1\.\.4\), value: String\("a"\) \}, Literal \{ span: Some\(6\.\.9\), value: String\("b"\) \}\]
insert into st1 values ('a', 'b')

statement ok
create table if not exists ts1(a timestamp)

statement ok
insert into ts1 values (1676620596564)

query T
select * from ts1
----
2023-02-17 07:56:36.564000

statement ok
create table my_table(column1 string, column2 string, column3 string);

statement ok
INSERT INTO my_table (column1, column2, column3) VALUES
('value1_1', 'value1_2', 'value1_3'),
('value2_1', 'value2_2', 'value2_3'),
('value3_1', 'value3_2', 'value3_3'),
('value4_1', 'value4_2', 'value4_3'),
('value5_1', 'value5_2', 'value5_3'),
('value6_1', 'value6_2', 'value6_3'),
('value7_1', 'value7_2', 'value7_3'),
('value8_1', 'value8_2', 'value8_3'),
('value9_1', 'value9_2', 'value9_3'),
('value10_1', 'value10_2', 'value10_3'),
('value11_1', 'value11_2', 'value11_3'),
('value12_1', 'value12_2', 'value12_3'),
('value13_1', 'value13_2', 'value13_3'),
('value14_1', 'value14_2', 'value14_3'),
('value15_1', 'value15_2', 'value15_3'),
('value16_1', 'value16_2', 'value16_3'),
('value17_1', 'value17_2', 'value17_3'),
('value18_1', 'value18_2', 'value18_3'),
('value19_1', 'value19_2', 'value19_3'),
('value20_1', 'value20_2', 'value20_3'),
('value21_1', 'value21_2', 'value21_3'),
('value22_1', 'value22_2', 'value22_3'),
('value23_1', 'value23_2', 'value23_3'),
('value24_1', 'value24_2', 'value24_3'),
('value25_1', 'value25_2', 'value25_3'),
('value26_1', 'value26_2', 'value26_3'),
('value27_1', 'value27_2', 'value27_3'),
('value28_1', 'value28_2', 'value28_3'),
('value29_1', 'value29_2', 'value29_3'),
('value30_1', 'value30_2', 'value30_3'),
('value31_1', 'value31_2', 'value31_3'),
('value32_1', 'value32_2', 'value32_3');

query TTTI
select max(column1), max(column2), max(column3), count() from my_table
----
value9_1 value9_2 value9_3 32

statement error (?s)1005(.*)unexpected `AS`
INSERT INTO my_table (column1, column2, column3) VALUES (
  Rand() AS string, -- c24
  Rand() AS string, -- c25
  Rand() AS string  -- c26
);

statement ok
drop table my_table

statement ok
drop table ts1

statement ok
drop table st1

statement ok
DROP DATABASE db1;

statement ok
CREATE TABLE IF NOT EXISTS db2.t2(a UInt32 null) Engine = Fuse

statement ok
INSERT INTO db2.t2 VALUES(1)

statement ok
DROP DATABASE if exists db2

statement ok
DROP DATABASE if exists db1
