statement ok
create or replace database test_new_reader;

statement ok
use test_new_reader;

statement ok
SET use_parquet2= 1;


statement ok
create table t1 (a int not null);

statement ok
insert into t1 values(1), (3), (5);

query I
select * from t1 order by a;
----
1
3
5

statement ok
create table t2 (a int);

statement ok
insert into t2 values(1), (null), (5);

query I
select * from t2 order by a;
----
1
5
NULL


statement ok
create table t3 (a int);

statement ok
create table r like t3 engine = random;

statement ok
insert into t3 select * from r limit 100000;

statement ok
select sum(a) from t3 ignore_result;


