statement ok
DROP DATABASE IF EXISTS db_09_0006

statement ok
CREATE DATABASE db_09_0006

statement ok
USE db_09_0006

statement ok
create table t(a uint64 not null)

query I
select count(1) from fuse_block('db_09_0006', 't')
----
0

statement ok
insert into t values (1)

query III
select block_count, row_count, index_size from fuse_snapshot('db_09_0006', 't') order by row_count desc limit 1
----
1 1 0

query I
select count(1) from fuse_block('db_09_0006', 't')
----
1

statement ok
insert into t values (2),(3)

query III
select block_count, row_count, index_size from fuse_snapshot('db_09_0006', 't') order by row_count desc limit 1
----
2 3 425

query II
select block_count, row_count from fuse_snapshot('db_09_0006', 't') order by row_count;
----
1 1
2 3

query I
select block_size from fuse_block('db_09_0006', 't') order by block_size
----
8
16

query I
select bloom_filter_size from fuse_block('db_09_0006', 't') order by bloom_filter_size
----
0
425

statement ok
create table t1(a int not null) row_per_block=3

statement ok
insert into t1 select number from numbers(9)

statement ok
insert into t1 values(9),(10)

query I
select count() from fuse_block('db_09_0006', 't1')
----
4

query I
select count() from fuse_segment('db_09_0006', 't1')
----
2

statement ok
insert into t1 values(11),(12)

query I
select count() from fuse_segment('db_09_0006', 't1')
----
3

query I
select count() from fuse_block('db_09_0006', 't1')
----
5

statement ok
truncate table t1

query I
select block_size from fuse_block('db_09_0006', 't1')
----

query I
select block_count from fuse_segment('db_09_0006', 't1')
----

query I
select row_count from fuse_column('db_09_0006', 't1')
----

statement error 1025
select * from fuse_snapshot('db_09_0006', 'not_exist')

statement error 1003
select * from fuse_snapshot('not_exist', 'not_exist')

statement error 1006
select * from fuse_snapshot()

statement error 1006
select * from fuse_snapshot('db_09_0006')

statement error 1006
select * from fuse_snapshot('db_09_0006', 'not_exist', 'invalid_extra_arg')

statement ok
create table t_in_memory(a uint64 not null) engine = Memory

statement error 4000
select * from fuse_snapshot('db_09_0006', 't_in_memory')

statement ok
DROP TABLE t

statement ok
DROP TABLE t1

statement ok
DROP TABLE t_in_memory

statement ok
DROP DATABASE db_09_0006

