statement ok
DROP DATABASE IF EXISTS db_09_0008

statement ok
CREATE DATABASE db_09_0008

statement ok
USE db_09_0008

statement ok
create table t(a uint64)

statement ok
insert into t values (5)

statement ok
insert into t values (6)

statement ok
insert into t values (7)

query I
select * from t order by a
----
5
6
7

statement ok
optimize table t compact limit 2

query II
select segment_count,block_count from fuse_snapshot('db_09_0008', 't') limit 1
----
2 2

statement ok
optimize table t compact limit 2

query II
select segment_count,block_count from fuse_snapshot('db_09_0008', 't') limit 1
----
1 1

statement ok
optimize table `t` purge

query B
select count(*) from fuse_snapshot('db_09_0008', 't')
----
5

statement ok
set retention_period = 0

statement ok
optimize table `t` purge

query B
select count(*) from fuse_snapshot('db_09_0008', 't')
----
1

query I
select * from t order by a
----
5
6
7

statement ok
optimize table `t` purge

query I
select * from t order by a
----
5
6
7

statement ok
insert into t values (8)

statement ok
insert into t values (9)

statement ok
insert into t values (10)

query I
select * from t order by a
----
5
6
7
8
9
10

statement ok
optimize table `t` all

query B
select count(*)=1 from fuse_snapshot('db_09_0008', 't')
----
1



query I
select * from t order by a
----
5
6
7
8
9
10

statement ok
create table m(a uint64) Engine = Fuse

statement ok
optimize table m all

statement ok
optimize table m purge

statement ok
optimize table m compact

statement ok
drop table m

statement ok
create table m(a uint64) engine=Fuse

statement ok
insert into m values(1)

statement ok
insert into m values(2)

statement ok
optimize table m all

statement ok
optimize table m purge

statement ok
optimize table m compact


statement ok
create table t1(a uint64)

statement ok
insert into t1 values (5)

statement ok
insert into t1 values (6)

statement ok
insert into t1 values (7)

query II
select segment_count, block_count from fuse_snapshot('db_09_0008', 't1') limit 1
----
3 3

statement ok
optimize table t1 compact segment

query II
select segment_count, block_count from fuse_snapshot('db_09_0008', 't1') limit 1
----
1 3


statement ok
create table t2(a uint64) block_per_segment=2

statement ok
insert into t2 values (5)

statement ok
insert into t2 values (6)

statement ok
insert into t2 values (7)

statement ok
insert into t2 values (8)

query II
select segment_count, block_count from fuse_snapshot('db_09_0008', 't2') limit 1
----
4 4

statement ok
optimize table t2 compact /* two compact task because of the block_per_segment is 2 */

query II
select segment_count, block_count from fuse_snapshot('db_09_0008', 't2') limit 1
----
2 2

statement ok
insert into t2 values (9)

statement ok
insert into t2 values (10)

query II
select segment_count, block_count from fuse_snapshot('db_09_0008', 't2') limit 1
----
4 4

statement ok
optimize table t2 compact segment limit 2

query II
select segment_count, block_count from fuse_snapshot('db_09_0008', 't2') limit 1
----
3 4

statement ok
optimize table t2 compact segment limit 2

query II
select segment_count, block_count from fuse_snapshot('db_09_0008', 't2') limit 1
----
2 4

statement ok
optimize table t2 compact segment limit 2 /* right-assoc can not be compact further*/

query II
select segment_count, block_count from fuse_snapshot('db_09_0008', 't2') limit 1 /* can not be compacted further */
----
2 4



statement ok
create table t3(c int) block_per_segment=4 row_per_block=3

statement ok
insert into t3 values (1)

statement ok
insert into t3 values (2)

statement ok
insert into t3 values (3)

statement ok
insert into t3 values (4)

statement ok
optimize table t3 compact

query I
select * from t3 order by c
----
1
2
3
4

query II
select segment_count, block_count from fuse_snapshot('db_09_0008', 't3') limit 1
----
1 2



statement ok
create table t4(a int) row_per_block=2

statement ok
insert into t4 values (1),(2)

statement ok
insert into t4 values (3)

statement ok
alter table t4 add column b int

statement ok
insert into t4 values (4, 4)

statement ok
optimize table t4 compact

query II
select * from t4 order by a
----
1 0
2 0
3 0
4 4

query II
select segment_count, block_count from fuse_snapshot('db_09_0008', 't4') limit 1
----
1 3



# for issue which addressed in PR #10620 (https://github.com/datafuselabs/databend/pull/10620)
statement ok
create table t5(c int)  block_per_segment=3 row_per_block=3

statement ok
insert into t5 select number from numbers(7)

statement ok
insert into t5 values(7)

statement ok
insert into t5 values(8)

statement ok
optimize table t5 compact

query I
select count() from t5
----
9

query II
select segment_count, block_count from fuse_snapshot('db_09_0008', 't5') limit 2
----
1 3
3 5



statement ok
create table t6(c int)  block_per_segment=4 row_per_block=3

statement ok
insert into t6 select number from numbers(9)

statement ok
insert into t6 select number from numbers(18) where number>8

statement ok
optimize table t6 compact segment

statement ok
insert into t6 select number from numbers(27) where number>17

statement ok
insert into t6 values(27)

statement ok
insert into t6 values(28)

statement ok
insert into t6 values(29)

statement ok
insert into t6 values(30)

statement ok
optimize table t6 compact

query I
select count() from t6
----
31

query II
select segment_count, block_count from fuse_snapshot('db_09_0008', 't6') limit 2
----
3 11
6 13



# for issue which addressed in PR #10743 (https://github.com/datafuselabs/databend/pull/10743)
statement ok
create table t7(c int) block_per_segment=3 row_per_block=3

statement ok
insert into t7 values(1)

statement ok
insert into t7 values(2)

statement ok
insert into t7 values(3)

statement ok
insert into t7 values(4)

statement ok
insert into t7 values(5)

statement ok
insert into t7 values(6)

statement ok
insert into t7 values(7)

statement ok
insert into t7 values(8)

statement ok
set max_threads = 2

statement ok
set max_storage_io_requests = 2

statement ok
optimize table t7 compact limit 2

query I
select c from t7 order by c
----
1
2
3
4
5
6
7
8

query II
select segment_count, block_count from fuse_snapshot('db_09_0008', 't7') limit 2
----
7 7
8 8



statement ok
create table t8(a int) block_per_segment=2 row_per_block=3

statement ok
insert into t8 values(1),(2),(3)

statement ok
alter table t8 add column b int

statement ok
insert into t8 values(4,4),(5,5),(6,6)

query IIII
select segment_count, block_count, row_count, bytes_uncompressed from fuse_snapshot('db_09_0008', 't8') limit 1
----
2 2 6 36

statement ok
optimize table t8 compact

query IIII
select segment_count, block_count, row_count, bytes_uncompressed from fuse_snapshot('db_09_0008', 't8') limit 1
----
1 2 6 48

query II
select * from t8 order by a
----
1 0
2 0
3 0
4 4
5 5
6 6



statement ok
DROP TABLE m

statement ok
DROP TABLE t

statement ok
DROP TABLE t1

statement ok
DROP TABLE t2

statement ok
DROP TABLE t3

statement ok
DROP TABLE t4

statement ok
DROP TABLE t5

statement ok
DROP TABLE t6

statement ok
DROP TABLE t7

statement ok
DROP TABLE t8

statement ok
DROP DATABASE db_09_0008

