statement ok
use default

statement ok
create table t09_0014(a int, b int) cluster by(b,a)

statement ok
insert into t09_0014 values(0,3),(1,1)

statement ok
insert into t09_0014 values(1,3),(2,1)

statement ok
insert into t09_0014 values(4,4)

query II
select *  from t09_0014 order by b, a
----
1 1
2 1
0 3
1 3
4 4

query TIIFFT
select * exclude(timestamp) from clustering_information('default','t09_0014')
----
(b, a) 3 1 0.6667 1.6667 {"00001":1,"00002":2}

query TIIFFT
select * exclude(timestamp) from clustering_information('default','t09_0014', '(a)')
----
(a) 3 1 0.6667 1.6667 {"00001":1,"00002":2}

statement ok
ALTER TABLE t09_0014 DROP CLUSTER KEY

statement error 1118
select * from clustering_information('default','t09_0014')

query TIIFFT
select * exclude(timestamp) from clustering_information('default','t09_0014', '(b, a)')
----
(b, a) 3 1 0.6667 1.6667 {"00001":1,"00002":2}

statement ok
drop table t09_0014

