statement ok
use default

statement ok
create table t09_0014(a int, b int) cluster by(b,a)

statement ok
insert into t09_0014 values(0,3),(1,1)

statement ok
insert into t09_0014 values(1,3),(2,1)

statement ok
insert into t09_0014 values(4,4)

query II
select *  from t09_0014 order by b, a
----
1 1
2 1
0 3
1 3
4 4

query TTI
select min, max, level from clustering_statistics('default','t09_0014') order by min
----
[1, 1] [3, 0] 0
[1, 2] [3, 1] 0
[4, 4] [4, 4] 0

query TTIIFFT
select * exclude(timestamp) from clustering_information('default','t09_0014')
----
(b, a) linear {"average_depth":1.6667,"average_overlaps":0.6667,"block_depth_histogram":{"00001":1,"00002":2},"constant_block_count":1,"total_block_count":3}

query TTIIFFT
select * exclude(timestamp) from clustering_information('default','t09_0014', '(a)')
----
(a) linear {"average_depth":1.6667,"average_overlaps":0.6667,"block_depth_histogram":{"00001":1,"00002":2},"constant_block_count":1,"total_block_count":3}

statement ok
ALTER TABLE t09_0014 DROP CLUSTER KEY

statement error 1118
select * from clustering_information('default','t09_0014')

statement error 1118
select * from clustering_statistics('default','t09_0014')

query TTIIFFT
select * exclude(timestamp) from clustering_information('default','t09_0014', '(b, a)')
----
(b, a) linear {"average_depth":1.6667,"average_overlaps":0.6667,"block_depth_histogram":{"00001":1,"00002":2},"constant_block_count":1,"total_block_count":3}

statement ok
drop table t09_0014

statement ok
create table t09_0014_1(c string)

statement ok
insert into t09_0014_1 values ('abc'), ('abd')

statement ok
insert into t09_0014_1 values ('xyy'), ('xyz')

query TTIIFFT
select * exclude(timestamp) from clustering_information('default','t09_0014_1', '(c)')
----
(c) linear {"average_depth":1.0,"average_overlaps":0.0,"block_depth_histogram":{"00001":2},"constant_block_count":0,"total_block_count":2}

query TTIIFFT
select * exclude(timestamp) from clustering_information('default','t09_0014_1', '(substr(c,1))')
----
(SUBSTRING(c FROM 1)) linear {"average_depth":1.0,"average_overlaps":0.0,"block_depth_histogram":{"00001":2},"constant_block_count":0,"total_block_count":2}

query TTIIFFT
select * exclude(timestamp) from clustering_information('default','t09_0014_1', '(substr(c,1,2))')
----
(SUBSTRING(c FROM 1 FOR 2)) linear {"average_depth":1.0,"average_overlaps":0.0,"block_depth_histogram":{"00001":2},"constant_block_count":2,"total_block_count":2}

query TTIIFFT
select * exclude(timestamp) from clustering_information('default','t09_0014_1', '(substr(c,2,2))')
----
(SUBSTRING(c FROM 2 FOR 2)) linear {"average_depth":2.0,"average_overlaps":1.0,"block_depth_histogram":{"00002":2},"constant_block_count":0,"total_block_count":2}

statement ok
drop table t09_0014_1 all

##issue https://github.com/databendlabs/databend/issues/16763
statement ok
create table t09_0014_2(c varchar not null) cluster by(substring(c FROM 1 FOR 4))

statement ok
insert into t09_0014_2 values('abcde'),('bcdef')

statement ok
insert into t09_0014_2 values('bcdff'),('cdefg')

query TTIIFFT
select * exclude(timestamp) from clustering_information('default','t09_0014_2')
----
(SUBSTRING(c FROM 1 FOR 4)) linear {"average_depth":1.0,"average_overlaps":0.0,"block_depth_histogram":{"00001":2},"constant_block_count":0,"total_block_count":2}

query TTIIFFT
select * exclude(timestamp) from clustering_information('default','t09_0014_2', 'substr(c,2,4)')
----
(SUBSTRING(c FROM 2 FOR 4)) linear {"average_depth":2.0,"average_overlaps":1.0,"block_depth_histogram":{"00002":2},"constant_block_count":0,"total_block_count":2}

statement ok
drop table t09_0014_2 all
