## Copyright 2023 Databend Cloud
##
## Licensed under the Elastic License, Version 2.0 (the "License");
## you may not use this file except in compliance with the License.
## You may obtain a copy of the License at
##
##     https://www.elastic.co/licensing/elastic-license
##
## Unless required by applicable law or agreed to in writing, software
## distributed under the License is distributed on an "AS IS" BASIS,
## WITHOUT WARRANTIES OR CONDITIONS OF ANY KIND, either express or implied.
## See the License for the specific language governing permissions and
## limitations under the License.

statement ok
create or replace table t_18827(a string, b int not null default 1);

query I
insert into t_18827 values('a', 1),('b', 2);
----
2

statement ok
create or replace stream s_18827 on table t_18827 append_only=false;

statement ok
create or replace stream s1_18827 on table t_18827 append_only=true;

statement error 1132
alter table t_18827 modify column b float64;

statement ok
alter table t_18827 modify column a binary;

query T
select a, b from t_18827;
----
61 1
62 2

query T
select a, b, change$action, change$is_update from s1_18827;
----

query T
select a, b, change$action, change$is_update from s_18827 order by change$action, a;
----

statement ok
drop stream s_18827;

statement ok
drop stream s1_18827;

statement ok
drop table t_18827 all;
