## Copyright 2023 Databend Cloud
##
## Licensed under the Elastic License, Version 2.0 (the "License");
## you may not use this file except in compliance with the License.
## You may obtain a copy of the License at
##
##     https://www.elastic.co/licensing/elastic-license
##
## Unless required by applicable law or agreed to in writing, software
## distributed under the License is distributed on an "AS IS" BASIS,
## WITHOUT WARRANTIES OR CONDITIONS OF ANY KIND, either express or implied.
## See the License for the specific language governing permissions and
## limitations under the License.

statement ok
DROP DATABASE IF EXISTS test_ddl_computed_column

statement ok
CREATE DATABASE test_ddl_computed_column

statement ok
USE test_ddl_computed_column

statement ok
create table t1(a string null default 'a', b string null as (concat(a, '-', c)) stored, c string null default 'c', d string null as (reverse(a)) virtual)

statement ok
insert into t1 values ('A1', 'C1'), ('A2', 'C2')

query TTTT
select * from t1
----
A1 A1-C1 C1 1A
A2 A2-C2 C2 2A

statement ok
alter table t1 add column e string null as (lower(c)) virtual

query TTTTT
select * from t1
----
A1 A1-C1 C1 1A c1
A2 A2-C2 C2 2A c2

statement ok
alter table t1 add column f string null as (concat(lower(c), '-', a)) stored

query TTTTTT
select * from t1
----
A1 A1-C1 C1 1A c1 c1-A1
A2 A2-C2 C2 2A c2 c2-A2

statement error 1065
alter table t1 add column g string null as (concat(a, '-', b)) stored

statement ok
alter table t1 drop column b

statement error 1117
alter table t1 rename column a to x

statement error 1117
alter table t1 drop column a

statement ok
alter table t1 drop column d

statement ok
alter table t1 drop column f

statement ok
alter table t1 rename column a to x

statement ok
alter table t1 drop column x

statement ok
create table t2(a string, b string generated always as (upper(a)) stored, c string generated always as (lower(a)) virtual)

statement error 1058
alter table t2 modify column c drop stored

statement ok
alter table t2 modify column b drop stored

statement ok
create table t3(a string, b string as (concat(a, '-')) stored)

statement ok
alter table t3 modify column a float

statement ok
USE default

statement ok
DROP DATABASE IF EXISTS test_ddl_computed_column
