statement ok
DROP TABLE IF EXISTS empsalary;

statement ok
CREATE TABLE empsalary (depname string, empno bigint, salary int, enroll_date date, ord int null);

statement ok
INSERT INTO empsalary VALUES ('develop', 10, 5200, '2007-08-01', 0), ('sales', 1, 5000, '2006-10-01', null), ('personnel', 5, 3500, '2007-12-10', 1), ('sales', 4, 4800, '2007-08-08', null), ('personnel', 2, 3900, '2006-12-23', 2), ('develop', 7, 4200, '2008-01-01', null), ('develop', 9, 4500, '2008-01-01', 3), ('sales', 3, 4800, '2007-08-01', 5), ('develop', 8, 6000, '2006-10-01', 4), ('develop', 11, 5200, '2007-08-15', 3);

query T rowsort
SELECT listagg(cast(salary as varchar), '|') WITHIN GROUP (ORDER BY cast(salary as varchar) DESC) OVER (PARTITION BY depname ORDER BY empno) FROM empsalary;
----
3900
3900|3500
4200
5000
5000|4800
5000|4800|4800
6000|4200
6000|4500|4200
6000|5200|4500|4200
6000|5200|5200|4500|4200

query T rowsort
SELECT listagg(cast(salary as varchar), '|') WITHIN GROUP (ORDER BY empno DESC) OVER (PARTITION BY depname ORDER BY empno) FROM empsalary;
----
3500|3900
3900
4200
4500|6000|4200
4800|4800|5000
4800|5000
5000
5200|4500|6000|4200
5200|5200|4500|6000|4200
6000|4200

query T rowsort
SELECT salary, ord, listagg(cast(salary as varchar), '|') WITHIN GROUP (ORDER BY ord DESC) OVER (PARTITION BY depname ORDER BY empno) FROM empsalary;
----
3500 1 3900|3500
3900 2 3900
4200 NULL 4200
4500 3 6000|4500|4200
4800 5 4800|5000
4800 NULL 4800|5000|4800
5000 NULL 5000
5200 0 6000|4500|5200|4200
5200 3 6000|4500|5200|5200|4200
6000 4 6000|4200


query T rowsort
SELECT salary, ord, listagg(cast(salary as varchar), '|') WITHIN GROUP (ORDER BY ord DESC NULLS FIRST) OVER (PARTITION BY depname ORDER BY empno) FROM empsalary;
----
3500 1 3900|3500
3900 2 3900
4200 NULL 4200
4500 3 4200|6000|4500
4800 5 5000|4800
4800 NULL 5000|4800|4800
5000 NULL 5000
5200 0 4200|6000|4500|5200
5200 3 4200|6000|4500|5200|5200
6000 4 4200|6000

query T rowsort
SELECT salary, ord, listagg(cast(salary as varchar), '|') WITHIN GROUP (ORDER BY ord DESC NULLS LAST) OVER (PARTITION BY depname ORDER BY empno) FROM empsalary;
----
3500 1 3900|3500
3900 2 3900
4200 NULL 4200
4500 3 6000|4500|4200
4800 5 4800|5000
4800 NULL 4800|5000|4800
5000 NULL 5000
5200 0 6000|4500|5200|4200
5200 3 6000|4500|5200|5200|4200
6000 4 6000|4200


query T rowsort
SELECT string_agg(cast(salary as varchar), '|') WITHIN GROUP (ORDER BY empno DESC) OVER (PARTITION BY depname ORDER BY empno) FROM empsalary;
----
3500|3900
3900
4200
4500|6000|4200
4800|4800|5000
4800|5000
5000
5200|4500|6000|4200
5200|5200|4500|6000|4200
6000|4200

query T rowsort
SELECT listagg(cast(salary as varchar), '|') WITHIN GROUP (ORDER BY cast(salary as varchar) DESC) OVER (PARTITION BY depname ORDER BY empno) FROM empsalary;
----
3900
3900|3500
4200
5000
5000|4800
5000|4800|4800
6000|4200
6000|4500|4200
6000|5200|4500|4200
6000|5200|5200|4500|4200

query T rowsort
SELECT group_concat(cast(salary as varchar), '|') WITHIN GROUP (ORDER BY empno DESC) OVER (PARTITION BY depname ORDER BY empno) FROM empsalary;
----
3500|3900
3900
4200
4500|6000|4200
4800|4800|5000
4800|5000
5000
5200|4500|6000|4200
5200|5200|4500|6000|4200
6000|4200

query T rowsort
SELECT array_agg(salary) WITHIN GROUP (ORDER BY salary DESC) OVER (PARTITION BY depname ORDER BY empno) FROM empsalary;
----
[3900,3500]
[3900]
[4200]
[5000,4800,4800]
[5000,4800]
[5000]
[6000,4200]
[6000,4500,4200]
[6000,5200,4500,4200]
[6000,5200,5200,4500,4200]

statement ok
DROP TABLE empsalary;
