statement ok
drop table if exists t_string_like

statement ok
CREATE TABLE t_string_like(URL TEXT NOT NULL)

statement ok
insert into t_string_like values('Arrow'), (''), ('Nicolas'), ('Databend'), ('modern data warehouse')

query B
select count(*)=1 from t_string_like where URL like 'Arrow'
----
1

query B
select count(*)=1 from t_string_like where URL like '%Arrow'
----
1

query B
select count(*)=1 from t_string_like where URL like '%rrow'
----
1

query B
select count(*)=0 from t_string_like where URL like '%rro'
----
1

query B
select count(*)=1 from t_string_like where URL like 'Arr%'
----
1

query B
select count(*)=1 from t_string_like where URL like 'Arrow%'
----
1

query B
select count(*)=0 from t_string_like where URL like 'rrow%'
----
1

query B
select count(*)=1 from t_string_like where URL like '%Arrow%'
----
1

query B
select count(*)=1 from t_string_like where URL like '%rro%'
----
1

query B
select count(*)=0 from t_string_like where URL like '%not_exist%'
----
1

query B
select count(*)=1 from t_string_like where URL like 'Data%bend'
----
1

query B
select count(*)=1 from t_string_like where URL like '%Data%bend'
----
1

query B
select count(*)=1 from t_string_like where URL like 'Data%bend%'
----
1

query B
select count(*)=1 from t_string_like where URL like '%Data%bend%'
----
1

query B
select count(*)=0 from t_string_like where URL like 'Datx%bend'
----
1

query B
select count(*)=0 from t_string_like where URL like '%Datx%bend'
----
1

query B
select count(*)=0 from t_string_like where URL like 'Datx%bend%'
----
1

query B
select count(*)=0 from t_string_like where URL like '%Datx%bend%'
----
1

query B
select count(*)=1 from t_string_like where URL like '%%D%%%a%%t%a%%%b%e%n%%d%%'
----
1

query B
select count(*)=0 from t_string_like where URL like '%%D%%%a%%t%a%%%x%e%n%%d%%'
----
1

query B
select count(*)=0 from t_string_like where URL like '%%D%%%a%%t%a%%%x%e%n%%d%%'
----
1

query B
select count(*)=1 from t_string_like where URL like 'modern%data%warehouse'
----
1

query B
select count(*)=1 from t_string_like where URL like 'modern%warehouse'
----
1

query B
select count(*)=0 from t_string_like where URL like 'modern%warehouse%data'
----
1

query B
select count(*)=1 from t_string_like where URL like '%%modern %%%dat%a%war%e%h%%ou%s%e%%'
----
1

# test for empty string like '%%', we follow mysql/pg returns 1, but clickhouse returns 0
query B
select count(*)=5 from t_string_like where URL like '%%'
----
1

# issue https://github.com/datafuselabs/databend/issues/12154
statement ok
create table b01(card_no int, deal_type varchar);

statement ok
insert into b01 values(1000,'地铁入站');

query IT
select * from b01 where deal_type  like '地铁%';
----
1000  地铁入站

statement ok
drop table b01;

statement ok
create or replace table t10(a int, b string);

statement ok
insert into t10 values(1, null),(2, null);

query T
select * from t10 where a = 1 or b like '%aa%';
----
1 NULL
