query I
select * from generate_series(1,10,1);
----
1
2
3
4
5
6
7
8
9
10

query I
select * from generate_series(10,1,-1);
----
10
9
8
7
6
5
4
3
2
1

query F
select * from generate_series(1.0,5.0,0.5);
----
1.0
1.5
2.0
2.5
3.0
3.5
4.0
4.5
5.0

query F
select * from generate_series(-1.0,-5.0,-0.5);
----
-1.0
-1.5
-2.0
-2.5
-3.0
-3.5
-4.0
-4.5
-5.0

query F
select * from generate_series(1.0,5.0,0);
----

query F
select * from generate_series(1.0,5.0,-1.0);
----
