query TTTT
SELECT name, value, default, level from system.settings where name in ('sql_dialect', 'timezone', 'wait_for_async_insert_timeout');
----
sql_dialect PostgreSQL PostgreSQL SESSION
timezone                       UTC         UTC         SESSION
wait_for_async_insert_timeout  100         100         SESSION


statement OK
SET GLOBAL sql_dialect='MySQL';


statement OK
SET GLOBAL timezone='Asia/Shanghai';


statement OK
SET GLOBAL wait_for_async_insert_timeout=20000;


query TTTT
SELECT name, value, default, level from system.settings where name in ('sql_dialect', 'timezone', 'wait_for_async_insert_timeout');
----
sql_dialect  MySQL  PostgreSQL  GLOBAL
timezone  Asia/Shanghai  UTC  GLOBAL
wait_for_async_insert_timeout  20000  100  GLOBAL


statement ok
UNSET (timezone, wait_for_async_insert_timeout);


statement error 2801
UNSET stl_dialect;


statement ok
UNSET sql_dialect;

query TTTT
SELECT name, value, default, level from system.settings where name in ('sql_dialect', 'timezone', 'wait_for_async_insert_timeout');
----
sql_dialect PostgreSQL PostgreSQL SESSION
timezone                       UTC         UTC         SESSION
wait_for_async_insert_timeout  100         100         SESSION
