## Copyright 2023 Databend Cloud
##
## Licensed under the Elastic License, Version 2.0 (the "License");
## you may not use this file except in compliance with the License.
## You may obtain a copy of the License at
##
##     https://www.elastic.co/licensing/elastic-license
##
## Unless required by applicable law or agreed to in writing, software
## distributed under the License is distributed on an "AS IS" BASIS,
## WITHOUT WARRANTIES OR CONDITIONS OF ANY KIND, either express or implied.
## See the License for the specific language governing permissions and
## limitations under the License.

statement ok
CREATE OR REPLACE DATABASE test_hilbert

statement ok
USE test_hilbert

statement ok
create or replace table t(a int, b int) cluster by hilbert(a, b) row_per_block=2 block_per_segment=2 block_size_threshold = 18;

statement ok
set hilbert_clustering_min_bytes = 35;

statement ok
insert into t values(1, 1), (3, 3);

statement ok
insert into t values(0, 0), (5, 5);

statement ok
insert into t values(2, 2), (6, 6);

statement ok
insert into t values(4, 4), (7, 7);

query I
select count() from fuse_snapshot('test_hilbert','t');
----
4

query T
select * EXCLUDE(timestamp) from clustering_information('test_hilbert','t');
----
(a, b) hilbert {"partial_block_count":0,"partial_segment_count":0,"stable_block_count":0,"stable_segment_count":0,"total_block_count":4,"total_segment_count":4,"unclustered_block_count":4,"unclustered_segment_count":4}


statement ok
alter table t recluster final;

query I
select count() from fuse_snapshot('test_hilbert','t');
----
6

query II
select count(a), sum(a) from t;
----
8 28

statement ok
insert into t values(8, 8);

statement ok
insert into t values(9, 9);

statement ok
alter table t recluster final;

query T
select * EXCLUDE(timestamp) from clustering_information('test_hilbert','t');
----
(a, b) hilbert {"partial_block_count":1,"partial_segment_count":1,"stable_block_count":4,"stable_segment_count":2,"total_block_count":5,"total_segment_count":3,"unclustered_block_count":0,"unclustered_segment_count":0}

query I
select count() from fuse_snapshot('test_hilbert','t');
----
9

query II
select block_count,row_count from fuse_segment('test_hilbert','t');
----
1 2
2 4
2 4

statement ok
alter table t cluster by hilbert(b, a);

query T
select * EXCLUDE(timestamp) from clustering_information('test_hilbert','t');
----
(b, a) hilbert {"partial_block_count":0,"partial_segment_count":0,"stable_block_count":0,"stable_segment_count":0,"total_block_count":5,"total_segment_count":3,"unclustered_block_count":5,"unclustered_segment_count":3}

statement ok
alter table t recluster final;

query T
select * EXCLUDE(timestamp) from clustering_information('test_hilbert','t');
----
(b, a) hilbert {"partial_block_count":0,"partial_segment_count":0,"stable_block_count":5,"stable_segment_count":2,"total_block_count":5,"total_segment_count":2,"unclustered_block_count":0,"unclustered_segment_count":0}

########################################################
#  force eval as linear clustering by specify columns  #
########################################################

query T
select * EXCLUDE(timestamp) from clustering_information('test_hilbert','t', 'a,b');
----
(a, b) linear {"average_depth":1.4,"average_overlaps":0.4,"block_depth_histogram":{"00001":3,"00002":2},"constant_block_count":0,"total_block_count":5}

# column specified not exist
statement error 1065
select * EXCLUDE(timestamp) from clustering_information('test_hilbert','t', 'a,not_exist');

######################
#  linear clustered  #
######################
statement ok
create or replace table t_linear(a int, b int) cluster by (a, b) row_per_block=2 block_per_segment=2;

# no
query T
select * EXCLUDE(timestamp) from clustering_information('test_hilbert','t_linear');
----
(a, b) linear {"average_depth":0.0,"average_overlaps":0.0,"block_depth_histogram":{},"constant_block_count":0,"total_block_count":0}

statement ok
insert into t_linear values(1, 1), (3, 3);

statement ok
insert into t_linear values(0, 0), (5, 5);

statement ok
insert into t_linear values(2, 2), (6, 6);

statement ok
insert into t_linear values(4, 4), (7, 7);

statement ok
set enable_parallel_multi_merge_sort = 0;

statement ok
alter table t_linear recluster final;

query T
select * EXCLUDE(timestamp) from clustering_information('test_hilbert','t_linear');
----
(a, b) linear {"average_depth":1.0,"average_overlaps":0.0,"block_depth_histogram":{"00001":4},"constant_block_count":0,"total_block_count":4}

#################
# non-clustered #
#################
statement ok
create or replace table t_none(a int, b int);

statement error 1118.*Unclustered table
select * EXCLUDE(timestamp) from clustering_information('test_hilbert','t_none');



statement ok
drop table t all;

statement ok
drop database test_hilbert;
