## Copyright 2023 Databend Cloud
##
## Licensed under the Elastic License, Version 2.0 (the "License");
## you may not use this file except in compliance with the License.
## You may obtain a copy of the License at
##
##     https://www.elastic.co/licensing/elastic-license
##
## Unless required by applicable law or agreed to in writing, software
## distributed under the License is distributed on an "AS IS" BASIS,
## WITHOUT WARRANTIES OR CONDITIONS OF ANY KIND, either express or implied.
## See the License for the specific language governing permissions and
## limitations under the License.

statement ok
CREATE OR REPLACE DATABASE test_hilbert

statement ok
USE test_hilbert

statement ok
set enable_parallel_multi_merge_sort = 0;

statement ok
create or replace table t(a int, b int) cluster by hilbert(a, b) row_per_block=2 block_per_segment=2;

statement ok
insert into t values(1, 1), (3, 3);

statement ok
insert into t values(0, 0), (5, 5);

statement ok
insert into t values(2, 2), (6, 6);

statement ok
insert into t values(4, 4), (7, 7);

query I
select count() from fuse_snapshot('test_hilbert','t');
----
4

statement error 4013
select * EXCLUDE(timestamp) from clustering_information('test_hilbert','t');

query TTIIII
select * EXCLUDE(timestamp) from hilbert_clustering_information('test_hilbert','t');
----
(a, b) hilbert 4 0 0 4

statement ok
alter table t recluster final;

query I
select count() from fuse_snapshot('test_hilbert','t');
----
6

query II
select count(a), sum(a) from t;
----
8 28

statement ok
insert into t values(8, 8);

statement ok
insert into t values(9, 9);

statement ok
alter table t recluster final;

query TTIIII
select * EXCLUDE(timestamp) from hilbert_clustering_information('test_hilbert','t');
----
(a, b) hilbert 3 2 1 0

query I
select count() from fuse_snapshot('test_hilbert','t');
----
9

query II
select block_count,row_count from fuse_segment('test_hilbert','t');
----
1 2
2 4
2 4

statement ok
alter table t cluster by hilbert(b, a);

query TTIIII
select * EXCLUDE(timestamp) from hilbert_clustering_information('test_hilbert','t');
----
(b, a) hilbert 3 0 0 3

statement ok
alter table t recluster final;

query TTIIII
select * EXCLUDE(timestamp) from hilbert_clustering_information('test_hilbert','t');
----
(b, a) hilbert 2 2 0 0

statement ok
drop table t all;

statement ok
drop database test_hilbert;
