statement ok
drop table if exists tit

statement ok
create table tit(a string not null, b int not null, c string not null)

query error Invalid CSV option value: FIELD_DELIMITER is currently set to 'x'. Expecting a single one-byte, non-alphanumeric character.
copy into tit from @data/csv/ file_format = (type = CSV field_delimiter = 'x')

query error Invalid CSV option value: RECORD_DELIMITER is currently set to 'x'. Expecting a single one-byte, non-alphanumeric character or '\\r\\n'.
copy into tit from @data/csv/ file_format = (type = CSV record_delimiter = 'x')

query TIITI
copy into tit from @data/csv/x01_field_x02_record.csv file_format = (type = CSV skip_header = 0 field_delimiter = '\x01' record_delimiter = '\x02')
----
csv/x01_field_x02_record.csv 4 0 NULL NULL

query TIT
select * from tit
----
Donald John Trump 80 president
马斯克 43 特斯拉
测试 39 TT
测试 39 test


# no newline in at file end
query TT
select $1, $2 from @data/csv/no_newline.csv (file_format=>'csv')  order by $1
----
1 2
3 4

statement ok
drop table if exists ii

statement ok
create table ii(a int null, b int null)

query TIITI
copy into ii from @data/csv/win_newline.csv file_format = (type = CSV record_delimiter = '\r\n' skip_header = 1)
----
csv/win_newline.csv 2 0 NULL NULL

query II
select * from ii order by a
----
10 NULL
NULL 1

statement ok
drop table if exists it

statement ok
create table it(a int not null, b string not null)

query TIITI
copy into it from @data/csv/header_only.csv file_format = (type = CSV skip_header=1)
----

query TIITI
copy into it from @data/csv/whitespace_number.csv file_format = (type = CSV) on_error=continue
----
csv/whitespace_number.csv 0 2 Invalid value ' 123' for column 0 (a Int32): invalid text for number 1

statement ok
drop table if exists tt

statement ok
create table tt(a string not null, b string not null)

query TIITI
copy into tt from @data/csv/whitespace_quote.csv file_format = (type = CSV) on_error=continue
----
csv/whitespace_quote.csv 2 0 NULL NULL

query TT
select * from tt;
----
 abc  xyz
 "abc"  xyz

statement ok
drop table if exists tt2

statement ok
create table tt2(site string not null, sha string not null)

query TIITI
copy into tt2 from @data/csv/crlf_delimiter.csv file_format = (type = CSV)
----
csv/crlf_delimiter.csv 2 0 NULL NULL

query TIITI
copy into tt2 from @data/csv/lf_delimiter.csv file_format = (type = CSV)
----
csv/lf_delimiter.csv 2 0 NULL NULL

query TTI
select *, length(sha) from tt2 order by site
----
apple.com 2265cbcc3ef24106c9e0eddbd04f3cca0d03225da3fcca8e2d86f7a394af9283 64
apple.com 2265cbcc3ef24106c9e0eddbd04f3cca0d03225da3fcca8e2d86f7a394af9283 64
google.com d4c9d9027326271a89ce51fcaf328ed673f17be33469ff979e8ab8dd501e664f 64
google.com d4c9d9027326271a89ce51fcaf328ed673f17be33469ff979e8ab8dd501e664f 64

