statement ok
DROP DATABASE IF EXISTS `test`

statement ok
CREATE DATABASE `test`

statement ok
CREATE TABLE `test`.`a` (    a bigint not null, b int not null default 3, c varchar(255) not null default 'x', d smallint null, e Date not null) Engine = Null

query TT
SHOW CREATE TABLE `test`.`a`
----
a CREATE TABLE a ( a BIGINT NOT NULL, b INT NOT NULL DEFAULT 3, c VARCHAR NOT NULL DEFAULT 'x', d SMALLINT NULL, e DATE NOT NULL ) ENGINE=NULL

query TT
SHOW CREATE TABLE `test`.`a` WITH QUOTED_IDENTIFIERS
----
a CREATE TABLE "a" ( "a" BIGINT NOT NULL, "b" INT NOT NULL DEFAULT 3, "c" VARCHAR NOT NULL DEFAULT 'x', "d" SMALLINT NULL, "e" DATE NOT NULL ) ENGINE=NULL

statement ok
CREATE TABLE `test`.`b` ( a bigint not null comment 'abc '' vs \' cde', b int null default null, c varchar(255) not null, d smallint unsigned null) Engine = Null COMMENT = 'abc '' vs \' cde'

query TT
select
t.comment as table_comment,
c.comment as column_comment
from
system.tables t
join system.columns c on t.database = c.database
and t.name = c.table and c.name = 'a'
where
t.database = 'test'
and t.name = 'b'
----
abc ' vs ' cde abc ' vs ' cde

query TT
SHOW CREATE TABLE `test`.`b`
----
b CREATE TABLE b (
  a BIGINT NOT NULL COMMENT 'abc \' vs \' cde',
  b INT NULL DEFAULT NULL,
  c VARCHAR NOT NULL,
  d SMALLINT UNSIGNED NULL
) ENGINE=NULL COMMENT = 'abc \' vs \' cde'

statement ok
set hide_options_in_show_create_table=0

query TT
SHOW CREATE TABLE `test`.`b`
----
b CREATE TABLE b (
  a BIGINT NOT NULL COMMENT 'abc \' vs \' cde',
  b INT NULL DEFAULT NULL,
  c VARCHAR NOT NULL,
  d SMALLINT UNSIGNED NULL
) ENGINE=NULL COMMENT = 'abc \' vs \' cde'

statement ok
create view test.v_b as select * from `test`.`b`

query TT
show create table test.v_b
----
v_b CREATE VIEW `test`.`v_b` AS SELECT * FROM `test`.`b`

statement ok
CREATE TABLE test.c (a int not null) CLUSTER BY (a, a % 3) COMPRESSION='lz4' STORAGE_FORMAT='parquet'

query TT
SHOW CREATE TABLE `test`.`c`
----
c CREATE TABLE c (
  a INT NOT NULL
) ENGINE=FUSE CLUSTER BY linear(a, a % 3) CLUSTER_TYPE='linear' COMPRESSION='lz4' COPY_DEDUP_FULL_PATH='1' STORAGE_FORMAT='parquet'

statement error 4000
CREATE TABLE test.should_fail (a int not null) ENGINE=FUSE 's3://load/files/' CONNECTION=(access_key_id='1a2b3c' aws_secret_key='4x5y6z') CLUSTER BY (a, a % 3) COMPRESSION='lz4' STORAGE_FORMAT='parquet'

statement ok
CREATE TABLE test.d (a int not null) ENGINE=FUSE 'fs:///tmp/load/files/' CONNECTION=(access_key_id='1a2b3c' aws_secret_key='4x5y6z') CLUSTER BY (a, a % 3) COMPRESSION='lz4' STORAGE_FORMAT='parquet'

query TT
SHOW CREATE TABLE `test`.`d`
----
d CREATE TABLE d (
  a INT NOT NULL
) ENGINE=FUSE CLUSTER BY linear(a, a % 3) CLUSTER_TYPE='linear' COMPRESSION='lz4' COPY_DEDUP_FULL_PATH='1' STORAGE_FORMAT='parquet' 'fs | root=/tmp/load/files/'

query TT
SHOW CREATE TABLE `test`.`c`
----
c CREATE TABLE c (
  a INT NOT NULL
) ENGINE=FUSE CLUSTER BY linear(a, a % 3) CLUSTER_TYPE='linear' COMPRESSION='lz4' COPY_DEDUP_FULL_PATH='1' STORAGE_FORMAT='parquet'

statement ok
DROP TABLE `test`.`a`

statement ok
DROP TABLE `test`.`b`

statement ok
DROP TABLE `test`.`c`

statement ok
DROP DATABASE `test`

statement ok
drop database if exists db1;

statement ok
drop view if exists default.v_t;

statement ok
drop view if exists default.v_union;

statement ok
drop view if exists default.v_subquery;

statement ok
drop view if exists default.v_join;

statement ok
drop table if exists t;

statement ok
drop table if exists t1;

statement ok
create table t(c1 int, c2 int);

statement ok
create table t1(c1 int, c2 string);

statement ok
insert into t values(1,10),(2,20),(3,30);

statement ok
insert into t1 values(1,'x'),(2,'y'),(3,'z');

statement ok
create view v_t as select * from t;

statement ok
create view v_union as select c1 from t union all select c1 from t1;

statement ok
create view v_subquery as select * from (select c1 from t union all select c1 from t1) as res;

statement ok
create view v_join as select * from (select c1 from t union all select c1 from t1) as res join t1 on t1.c1=res.c1;

statement ok
create database db1;

statement ok
use db1;

query TT
show create table default.v_t;
----
v_t CREATE VIEW `default`.`v_t` AS SELECT * FROM default.t

query TT
show create table default.v_union;
----
v_union CREATE VIEW `default`.`v_union` AS SELECT c1 FROM default.t UNION ALL SELECT c1 FROM default.t1

query TT
show create table default.v_subquery;
----
v_subquery CREATE VIEW `default`.`v_subquery` AS SELECT * FROM (SELECT c1 FROM default.t UNION ALL SELECT c1 FROM default.t1) AS res

query TT
show create table default.v_join;
----
v_join CREATE VIEW `default`.`v_join` AS SELECT * FROM (SELECT c1 FROM default.t UNION ALL SELECT c1 FROM default.t1) AS res INNER JOIN default.t1 ON t1.c1 = res.c1

query II
select * from default.v_t order by c1;
----
1 10
2 20
3 30

query I
select * from default.v_union order by c1;
----
1
1
2
2
3
3

query I
select * from default.v_subquery order by c1;
----
1
1
2
2
3
3

query III
select * from default.v_join order by c2;
----
1 1 x
1 1 x
2 2 y
2 2 y
3 3 z
3 3 z

statement error Databend sqllogictests error: http query error: code: 2306, Text: 'v_test' as view Already Exists
create view default.v_test as select * from t;

query TT
show create table default.v_test;
----
v_test CREATE VIEW `default`.`v_test` AS SELECT * FROM default.t

statement ok
drop view default.v_t;

statement ok
drop view default.v_union;

statement ok
drop view default.v_subquery;

statement ok
drop view default.v_join;

statement ok
drop table default.t;

statement ok
drop table default.t1;

statement ok
drop database db1;

statement ok
drop table if exists default.tc

statement ok
set hide_options_in_show_create_table=1

statement ok
create table default.tc(id int, Id1_ int, "id2)" int, "ID4" int, "ID""5" int);

statement ok
set quoted_ident_case_sensitive=0;

query TT
show create table default.tc
----
tc CREATE TABLE tc ( id INT NULL, id1_ INT NULL, "id2)" INT NULL, ID4 INT NULL, "ID""5" INT NULL ) ENGINE=FUSE

statement ok
set quoted_ident_case_sensitive=1;

query TT
show create table default.tc
----
tc CREATE TABLE tc ( id INT NULL, id1_ INT NULL, "id2)" INT NULL, "ID4" INT NULL, "ID""5" INT NULL ) ENGINE=FUSE

statement ok
set quoted_ident_case_sensitive=1;

statement ok
set sql_dialect='MySQL';

query TT
show create table default.tc
----
tc CREATE TABLE tc ( id INT NULL, id1_ INT NULL, `id2)` INT NULL, `ID4` INT NULL, `ID"5` INT NULL ) ENGINE=FUSE

statement ok
drop table default.tc;
