statement ok
DROP CATALOG IF EXISTS ctl;

statement ok
CREATE CATALOG ctl
TYPE=ICEBERG
CONNECTION=(
    TYPE='rest'
    ADDRESS='http://127.0.0.1:8181'
    WAREHOUSE='s3://iceberg-tpch'
    "s3.region"='us-east-1'
    "s3.endpoint"='http://127.0.0.1:9000'
);

statement ok
use catalog default;

# Q1
query I
select
    l_returnflag,
    l_linestatus,
    sum(l_quantity) as sum_qty,
    sum(l_extendedprice) as sum_base_price,
    sum(l_extendedprice * (1 - l_discount)) as sum_disc_price,
    sum(l_extendedprice * (1 - l_discount) * (1 + l_tax)) as sum_charge,
    avg(l_quantity) as avg_qty,
    avg(l_extendedprice) as avg_price,
    avg(l_discount) as avg_disc,
    count(*) as count_order
from
    ctl.tpch.lineitem
where
        l_shipdate <= add_days(to_date('1998-12-01'), -90)
group by
    l_returnflag,
    l_linestatus
order by
    l_returnflag,
    l_linestatus;
----
A F 3774200.00 5320753880.69 5054096266.6828 5256751331.449234 25.53758712 36002.12382901 0.05014460 147790
N F 95257.00 133737795.84 127132372.6512 132286291.229445 25.30066401 35521.32691633 0.04939442 3765
N O 7459297.00 10512270008.90 9986238338.3847 10385578376.585467 25.54553767 36000.92468801 0.05009596 292000
R F 3785523.00 5337950526.47 5071818532.9420 5274405503.049367 25.52594386 35994.02921403 0.04998928 148301

# Q2
query I
select
    s_acctbal,
    s_name,
    n_name,
    p_partkey,
    p_mfgr,
    s_address,
    s_phone,
    s_comment
from
    ctl.tpch.part,
    ctl.tpch.supplier,
    ctl.tpch.partsupp,
    ctl.tpch.nation,
    ctl.tpch.region
where
        p_partkey = ps_partkey
  and s_suppkey = ps_suppkey
  and p_size = 15
  and p_type like '%BRASS'
  and s_nationkey = n_nationkey
  and n_regionkey = r_regionkey
  and r_name = 'EUROPE'
  and ps_supplycost = (
    select
        min(ps_supplycost)
    from
        ctl.tpch.partsupp,
        ctl.tpch.supplier,
        ctl.tpch.nation,
        ctl.tpch.region
    where
            p_partkey = ps_partkey
      and s_suppkey = ps_suppkey
      and s_nationkey = n_nationkey
      and n_regionkey = r_regionkey
      and r_name = 'EUROPE'
)
order by
    s_acctbal desc,
    n_name,
    s_name,
    p_partkey;
----
9828.21 Supplier#000000647 UNITED KINGDOM 13120 Manufacturer#5 x5U7MBZmwfG9 33-258-202-4782 s the slyly even ideas poach fluffily
9508.37 Supplier#000000070 FRANCE 3563 Manufacturer#1 INWNH2w,OOWgNDq0BRCcBwOMQc6PdFDc4 16-821-608-1166 ests sleep quickly express ideas. ironic ideas haggle about the final T
9508.37 Supplier#000000070 FRANCE 17268 Manufacturer#4 INWNH2w,OOWgNDq0BRCcBwOMQc6PdFDc4 16-821-608-1166 ests sleep quickly express ideas. ironic ideas haggle about the final T
9453.01 Supplier#000000802 ROMANIA 10021 Manufacturer#5 ,6HYXb4uaHITmtMBj4Ak57Pd 29-342-882-6463 gular frets. permanently special multipliers believe blithely alongs
9453.01 Supplier#000000802 ROMANIA 13275 Manufacturer#4 ,6HYXb4uaHITmtMBj4Ak57Pd 29-342-882-6463 gular frets. permanently special multipliers believe blithely alongs
9192.10 Supplier#000000115 UNITED KINGDOM 13325 Manufacturer#1 nJ 2t0f7Ve,wL1,6WzGBJLNBUCKlsV 33-597-248-1220 es across the carefully express accounts boost caref
9032.15 Supplier#000000959 GERMANY 4958 Manufacturer#4 8grA EHBnwOZhO 17-108-642-3106 nding dependencies nag furiou
8702.02 Supplier#000000333 RUSSIA 11810 Manufacturer#3 MaVf XgwPdkiX4nfJGOis8Uu2zKiIZH 32-508-202-6136 oss the deposits cajole carefully even pinto beans. regular foxes detect alo
8615.50 Supplier#000000812 FRANCE 10551 Manufacturer#2 8qh4tezyScl5bidLAysvutB,,ZI2dn6xP 16-585-724-6633 y quickly regular deposits? quickly pending packages after the caref
8615.50 Supplier#000000812 FRANCE 13811 Manufacturer#4 8qh4tezyScl5bidLAysvutB,,ZI2dn6xP 16-585-724-6633 y quickly regular deposits? quickly pending packages after the caref
8488.53 Supplier#000000367 RUSSIA 6854 Manufacturer#4 E Sv9brQVf43Mzz 32-458-198-9557 ages. carefully final excuses nag finally. carefully ironic deposits abov
8430.52 Supplier#000000646 FRANCE 11384 Manufacturer#3 IUzsmT,2oBgjhWP2TlXTL6IkJH,4h,1SJRt 16-601-220-5489 ites among the always final ideas kindle according to the theodolites. notornis in
8271.39 Supplier#000000146 RUSSIA 4637 Manufacturer#5 rBDNgCr04x0sfdzD5,gFOutCiG2 32-792-619-3155 s cajole quickly special requests. quickly enticing theodolites h
8096.98 Supplier#000000574 RUSSIA 323 Manufacturer#4 2O8 sy9g2mlBOuEjzj0pA2pevk, 32-866-246-8752 ully after the regular requests. slyly final dependencies wake slyly along the busy deposit
7392.78 Supplier#000000170 UNITED KINGDOM 7655 Manufacturer#2 RtsXQ,SunkA XHy9 33-803-340-5398 ake carefully across the quickly
7205.20 Supplier#000000477 GERMANY 10956 Manufacturer#5 VtaNKN5Mqui5yh7j2ldd5waf 17-180-144-7991  excuses wake express deposits. furiously careful asymptotes according to the carefull
6820.35 Supplier#000000007 UNITED KINGDOM 13217 Manufacturer#5 s,4TicNGB4uO6PaSqNBUq 33-990-965-2201 s unwind silently furiously regular courts. final requests are deposits. requests wake quietly blit
6721.70 Supplier#000000954 FRANCE 4191 Manufacturer#3 P3O5p UFz1QsLmZX 16-537-341-8517 ect blithely blithely final acco
6329.90 Supplier#000000996 GERMANY 10735 Manufacturer#2 Wx4dQwOAwWjfSCGupfrM 17-447-811-3282  ironic forges cajole blithely agai
6173.87 Supplier#000000408 RUSSIA 18139 Manufacturer#1 qcor1u,vJXAokjnL5,dilyYNmh 32-858-724-2950 blithely pending packages cajole furiously slyly pending notornis. slyly final
5364.99 Supplier#000000785 RUSSIA 13784 Manufacturer#4 W VkHBpQyD3qjQjWGpWicOpmILFehmEdWy67kUGY 32-297-653-2203  packages boost carefully. express ideas along
5069.27 Supplier#000000328 GERMANY 16327 Manufacturer#1 SMm24d WG62 17-231-513-5721 he unusual ideas. slyly final packages a
4941.88 Supplier#000000321 ROMANIA 7320 Manufacturer#5 pLngFl5yeMcHyov 29-573-279-1406 y final requests impress s
4672.25 Supplier#000000239 RUSSIA 12238 Manufacturer#1 XO101kgHrJagK2FL1U6QCaTE ncCsMbeuTgK6o8 32-396-654-6826 arls wake furiously deposits. even, regular depen
4586.49 Supplier#000000680 RUSSIA 5679 Manufacturer#3 UhvDfdEfJh,Qbe7VZb8uSGO2TU 0jEa6nXZXE 32-522-382-1620  the regularly regular dependencies. carefully bold excuses under th
4518.31 Supplier#000000149 FRANCE 18344 Manufacturer#5 pVyWsjOidpHKp4NfKU4yLeym 16-660-553-2456 ts detect along the foxes. final Tiresias are. idly pending deposits haggle; even, blithe pin
4315.15 Supplier#000000509 FRANCE 18972 Manufacturer#2 SF7dR8V5pK 16-298-154-3365 ronic orbits are furiously across the requests. quickly express ideas across the special, bold
3526.53 Supplier#000000553 FRANCE 8036 Manufacturer#4 a,liVofXbCJ 16-599-552-3755 lar dinos nag slyly brave
3526.53 Supplier#000000553 FRANCE 17018 Manufacturer#3 a,liVofXbCJ 16-599-552-3755 lar dinos nag slyly brave
3294.68 Supplier#000000350 GERMANY 4841 Manufacturer#4 KIFxV73eovmwhh 17-113-181-4017 e slyly special foxes. furiously unusual deposits detect carefully carefully ruthless foxes. quick
2972.26 Supplier#000000016 RUSSIA 1015 Manufacturer#4 YjP5C55zHDXL7LalK27zfQnwejdpin4AMpvh 32-822-502-4215 ously express ideas haggle quickly dugouts? fu
2963.09 Supplier#000000840 ROMANIA 3080 Manufacturer#2 iYzUIypKhC0Y 29-781-337-5584 eep blithely regular dependencies. blithely regular platelets sublate alongside o
2221.25 Supplier#000000771 ROMANIA 13981 Manufacturer#2 lwZ I15rq9kmZXUNhl 29-986-304-9006 nal foxes eat slyly about the fluffily permanent id
1381.97 Supplier#000000104 FRANCE 18103 Manufacturer#3 Dcl4yGrzqv3OPeRO49bKh78XmQEDR7PBXIs0m 16-434-972-6922 gular ideas. bravely bold deposits haggle through the carefully final deposits. slyly unusual idea
906.07 Supplier#000000138 ROMANIA 8363 Manufacturer#4 utbplAm g7RmxVfYoNdhcrQGWuzRqPe0qHSwbKw 29-533-434-6776 ickly unusual requests cajole. accounts above the furiously special excuses
765.69 Supplier#000000799 RUSSIA 11276 Manufacturer#2 jwFN7ZB3T9sMF 32-579-339-1495 nusual requests. furiously unusual epitaphs integrate. slyly
727.89 Supplier#000000470 ROMANIA 6213 Manufacturer#3 XckbzsAgBLbUkdfjgJEPjmUMTM8ebSMEvI 29-165-289-1523 gular excuses. furiously regular excuses sleep slyly caref
683.07 Supplier#000000651 RUSSIA 4888 Manufacturer#4 oWekiBV6s,1g 32-181-426-4490 ly regular requests cajole abou
167.56 Supplier#000000290 FRANCE 2037 Manufacturer#1 6Bk06GVtwZaKqg01 16-675-286-5102  the theodolites. ironic, ironic deposits above
91.39 Supplier#000000949 UNITED KINGDOM 9430 Manufacturer#2 a,UE,6nRVl2fCphkOoetR1ajIzAEJ1Aa1G1HV 33-332-697-2768 pinto beans. carefully express requests hagg
-314.06 Supplier#000000510 ROMANIA 17242 Manufacturer#4 VmXQl ,vY8JiEseo8Mv4zscvNCfsY 29-207-852-3454  bold deposits. carefully even d
-820.89 Supplier#000000409 GERMANY 2156 Manufacturer#5 LyXUYFz7aXrvy65kKAbTatGzGS,NDBcdtD 17-719-517-9836 y final, slow theodolites. furiously regular req
-845.44 Supplier#000000704 ROMANIA 9926 Manufacturer#5 hQvlBqbqqnA5Dgo1BffRBX78tkkRu 29-300-896-5991 ctions. carefully sly requ
-942.73 Supplier#000000563 GERMANY 5797 Manufacturer#1 Rc7U1cRUhYs03JD 17-108-537-2691 slyly furiously final decoys; silent, special realms poach f

# Q3
query I
select
    l_orderkey,
    sum(l_extendedprice * (1 - l_discount)) as revenue,
    o_orderdate,
    o_shippriority
from
    ctl.tpch.customer,
    ctl.tpch.orders,
    ctl.tpch.lineitem
where
        c_mktsegment = 'BUILDING'
  and c_custkey = o_custkey
  and l_orderkey = o_orderkey
  and o_orderdate < to_date('1995-03-15')
  and l_shipdate > to_date('1995-03-15')
group by
    l_orderkey,
    o_orderdate,
    o_shippriority
order by
    revenue desc,
    o_orderdate
limit 5;
----
223140 355369.0698 1995-03-14 0
584291 354494.7318 1995-02-21 0
405063 353125.4577 1995-03-03 0
573861 351238.2770 1995-03-09 0
554757 349181.7426 1995-03-14 0

# Q4
query I
select
    o_orderpriority,
    count(*) as order_count
from
    ctl.tpch.orders
where
        o_orderdate >= to_date('1993-07-01')
  and o_orderdate < add_months(to_date('1993-07-01'), 3)
  and exists (
        select
            *
        from
            ctl.tpch.lineitem
        where
                l_orderkey = o_orderkey
          and l_commitdate < l_receiptdate
    )
group by
    o_orderpriority
order by
    o_orderpriority;
----
1-URGENT 999
2-HIGH 997
3-MEDIUM 1031
4-NOT SPECIFIED 989
5-LOW 1077

# Q5
query I
select
    n_name,
    ceil(sum(l_extendedprice * (1 - l_discount)) / 10) as revenue
from
    ctl.tpch.customer,
    ctl.tpch.orders,
    ctl.tpch.lineitem,
    ctl.tpch.supplier,
    ctl.tpch.nation,
    ctl.tpch.region
where
        c_custkey = o_custkey
  and l_orderkey = o_orderkey
  and l_suppkey = s_suppkey
  and c_nationkey = s_nationkey
  and s_nationkey = n_nationkey
  and n_regionkey = r_regionkey
  and r_name = 'ASIA'
  and o_orderdate >= to_date('1994-01-01')
  and o_orderdate < add_years(to_date('1994-01-01'), 1)
group by
    n_name
order by
    revenue desc;
----
CHINA 782211
INDIA 637613
JAPAN 600008
INDONESIA 558048
VIETNAM 449785

# Q6
query I
select
   truncate(sum(l_extendedprice * l_discount),3) as revenue
from
   ctl.tpch.lineitem
where
   l_shipdate >= '1994-01-01'
   and l_shipdate < date_add(year, 1, to_date('1994-01-01'))
   and l_discount between 0.05 and 0.07
   and l_quantity < 24;
----
11803420.253

# Q7
query I
select
    supp_nation,
    cust_nation,
    l_year,
    truncate(sum(volume),3) as revenue
from
    (
        select
            n1.n_name as supp_nation,
            n2.n_name as cust_nation,
            extract(year from l_shipdate) as l_year,
            l_extendedprice * (1 - l_discount) as volume
        from
            ctl.tpch.supplier,
            ctl.tpch.lineitem,
            ctl.tpch.orders,
            ctl.tpch.customer,
            ctl.tpch.nation n1,
            ctl.tpch.nation n2
        where
                s_suppkey = l_suppkey
          and o_orderkey = l_orderkey
          and c_custkey = o_custkey
          and s_nationkey = n1.n_nationkey
          and c_nationkey = n2.n_nationkey
          and (
                (n1.n_name = 'FRANCE' and n2.n_name = 'GERMANY')
                or (n1.n_name = 'GERMANY' and n2.n_name = 'FRANCE')
            )
          and l_shipdate between to_date('1995-01-01') and to_date('1996-12-31')
    ) as shipping
group by
    supp_nation,
    cust_nation,
    l_year
order by
    supp_nation,
    cust_nation,
    l_year;
----
FRANCE GERMANY 1995 4637235.150
FRANCE GERMANY 1996 5224779.573
GERMANY FRANCE 1995 6232818.703
GERMANY FRANCE 1996 5557312.112

# Q8
query I
select
    o_year,
    truncate(sum(case
            when nation = 'BRAZIL' then volume
            else 0
        end) / sum(volume),8) as mkt_share
from
    (
        select
            extract(year from o_orderdate) as o_year,
            l_extendedprice * (1 - l_discount) as volume,
            n2.n_name as nation
        from
            ctl.tpch.part,
            ctl.tpch.supplier,
            ctl.tpch.lineitem,
            ctl.tpch.orders,
            ctl.tpch.customer,
            ctl.tpch.nation n1,
            ctl.tpch.nation n2,
            ctl.tpch.region
        where
                p_partkey = l_partkey
          and s_suppkey = l_suppkey
          and l_orderkey = o_orderkey
          and o_custkey = c_custkey
          and c_nationkey = n1.n_nationkey
          and n1.n_regionkey = r_regionkey
          and r_name = 'AMERICA'
          and s_nationkey = n2.n_nationkey
          and o_orderdate between to_date('1995-01-01') and to_date('1996-12-31')
          and p_type = 'ECONOMY ANODIZED STEEL'
    ) as all_nations
group by
    o_year
order by
    o_year;
----
1995 0.02864874
1996 0.01825027

# Q9
query I
select
    nation,
    o_year,
    truncate(truncate(sum(amount),0)/10, 0) as sum_profit
from
    (
        select
            n_name as nation,
            extract(year from o_orderdate) as o_year,
            truncate(l_extendedprice * (1 - l_discount) - ps_supplycost * l_quantity, 100) as amount
        from
            ctl.tpch.part,
            ctl.tpch.supplier,
            ctl.tpch.lineitem,
            ctl.tpch.partsupp,
            ctl.tpch.orders,
            ctl.tpch.nation
        where
                s_suppkey = l_suppkey
          and ps_suppkey = l_suppkey
          and ps_partkey = l_partkey
          and p_partkey = l_partkey
          and o_orderkey = l_orderkey
          and s_nationkey = n_nationkey
          and p_name like '%green%'
    ) as profit
group by
    nation,
    o_year
order by
    sum_profit
limit 5;
----
MOZAMBIQUE 1998 162042
JORDAN 1998 181148
MOROCCO 1998 181533
JAPAN 1998 184953
VIETNAM 1998 192431

# Q10
query I
select
    c_custkey,
    c_name,
    TRUNCATE(sum(l_extendedprice * (1 - l_discount)), 3) as revenue,
    c_acctbal,
    n_name,
    c_address,
    c_phone,
    c_comment
from
    ctl.tpch.customer,
    ctl.tpch.orders,
    ctl.tpch.lineitem,
    ctl.tpch.nation
where
        c_custkey = o_custkey
  and l_orderkey = o_orderkey
  and o_orderdate >= to_date('1993-10-01')
  and o_orderdate < add_months(to_date('1993-10-01'), 3)
  and l_returnflag = 'R'
  and c_nationkey = n_nationkey
group by
    c_custkey,
    c_name,
    c_acctbal,
    c_phone,
    n_name,
    c_address,
    c_comment
order by
    revenue desc limit 5;
----
8242 Customer#000008242 622786.729 6322.09 ETHIOPIA P2n4nJhy,UqSo2s43YfSvYJDZ6lk 15-792-676-1184 slyly regular packages haggle carefully ironic ideas. courts are furiously. furiously unusual theodolites cajole. i
7714 Customer#000007714 557400.305 9799.98 IRAN SnnIGB,SkmnWpX3 20-922-418-6024 arhorses according to the blithely express re
11032 Customer#000011032 512500.964 8496.93 UNITED KINGDOM WIKHC7K3Cn7156iNOyfVG3cZ7YqkgsR,Ly 33-102-772-3533 posits-- furiously ironic accounts are again
2455 Customer#000002455 481592.405 2070.99 GERMANY RVn1ZSRtLqPlJLIZxvpmsbgC02 17-946-225-9977 al asymptotes. finally ironic accounts cajole furiously. permanently unusual theodolites aro
12106 Customer#000012106 479414.213 5342.11 UNITED STATES wth3twOmu6vy 34-905-346-4472 ly after the blithely regular foxes. accounts haggle carefully alongside of the blithely even ideas.

# Q11
query I
select
    ps_partkey,
    sum(ps_supplycost * ps_availqty) as value
from
    ctl.tpch.partsupp,
    ctl.tpch.supplier,
    ctl.tpch.nation
where
    ps_suppkey = s_suppkey
  and s_nationkey = n_nationkey
  and n_name = 'GERMANY'
group by
    ps_partkey having
    sum(ps_supplycost * ps_availqty) > (
    select
    sum(ps_supplycost * ps_availqty) * 0.000002
    from
    ctl.tpch.partsupp,
    ctl.tpch.supplier,
    ctl.tpch.nation
    where
    ps_suppkey = s_suppkey
                  and s_nationkey = n_nationkey
                  and n_name = 'GERMANY'
    )
order by
    value desc limit 100;
----
12098 16227681.21
5134 15709338.52
13334 15023662.41
17052 14351644.20
3452 14070870.14
12552 13332469.18
1084 13170428.29
5797 13038622.72
12633 12892561.61
403 12856217.34
1833 12024581.72
2084 11502875.36
17349 11354213.05
18427 11282385.24
2860 11262529.95
17852 10934711.93
9871 10889253.68
12231 10841131.39
6366 10759786.81
12146 10257362.66
5043 10226395.88
12969 10125777.93
1504 10004397.08
14327 9981697.08
134 9965150.66
6860 9805871.26
10624 9776138.40
15819 9775705.31
3293 9674928.12
19865 9653766.83
8870 9648981.87
15778 9636332.82
12360 9635023.92
14389 9475588.34
3257 9451029.24
9476 9435207.28
19629 9391236.40
7179 9386222.25
15723 9383900.80
4054 9313810.02
2380 9307751.22
19084 9302916.80
4703 9280804.80
18791 9267017.97
19994 9235972.92
9149 9121803.90
15118 9120819.50
6116 9079369.20
7052 9077468.92
14147 9069193.78
7305 9035228.53
9130 9024379.25
16698 8991337.95
1553 8977226.10
16777 8961355.62
1402 8953779.12
18963 8934063.40
8358 8930611.48
17547 8860117.00
5128 8844222.75
17063 8840649.60
15490 8833581.40
14761 8817240.56
19601 8791341.02
16160 8740262.76
13597 8702669.82
13653 8693170.16
16383 8691505.92
325 8667741.28
8879 8667584.38
10564 8667098.22
17429 8661827.90
17403 8643350.30
18294 8616583.43
4181 8592684.66
13008 8567480.64
13211 8537000.01
1884 8532644.34
11101 8530945.32
11562 8528028.57
15878 8523591.84
834 8522135.27
2423 8517902.85
15383 8513433.11
18119 8507611.80
7389 8506099.20
5016 8489784.15
17473 8444766.24
6669 8428618.46
384 8418472.27
12052 8411519.28
17562 8409022.83
8128 8379149.47
13813 8374830.84
12800 8318626.78
10887 8315019.36
1644 8285453.08
16638 8274568.00
1394 8255140.60
7219 8254985.30

# Q12
query I
select
    l_shipmode,
    sum(case
            when o_orderpriority = '1-URGENT'
                or o_orderpriority = '2-HIGH'
                then 1
            else 0
        end) as high_line_count,
    sum(case
            when o_orderpriority <> '1-URGENT'
                and o_orderpriority <> '2-HIGH'
                then 1
            else 0
        end) as low_line_count
from
    ctl.tpch.orders,
    ctl.tpch.lineitem
where
        o_orderkey = l_orderkey
  and l_shipmode in ('MAIL', 'SHIP')
  and l_commitdate < l_receiptdate
  and l_shipdate < l_commitdate
  and l_receiptdate >= to_date('1994-01-01')
  and l_receiptdate < date_add(year, 1, to_date('1994-01-01'))
group by
    l_shipmode
order by
    l_shipmode;
----
MAIL 647 945
SHIP 620 943

# Q13
query I
select
    c_count,
    count(*) as custdist
from
    (
        select
            c_custkey,
            count(o_orderkey) as c_count
        from
            ctl.tpch.customer
                left outer join
            ctl.tpch.orders
            on c_custkey = o_custkey
                and o_comment not like '%pending%deposits%'
        group by
            c_custkey
    )
        c_orders
group by
    c_count
order by
    custdist desc,
    c_count desc;
----
0 5000
10 676
9 651
11 618
12 554
8 548
13 514
7 487
19 485
18 461
14 454
20 444
16 442
17 438
15 430
21 396
22 378
6 355
23 322
24 262
25 188
5 184
26 162
27 138
28 103
4 92
29 59
3 49
30 29
31 26
32 19
2 12
33 8
34 7
35 5
1 3
36 1

# Q14
query I
select
            TRUNCATE(100.00 * sum(case
                             when p_type like 'PROMO%'
                                 then l_extendedprice * (1 - l_discount)
                             else 0
            end) / sum(l_extendedprice * (1 - l_discount)), 5) as promo_revenue
from
    ctl.tpch.lineitem,
    ctl.tpch.part
where
        l_partkey = p_partkey
  and l_shipdate >= to_date('1995-09-01')
  and l_shipdate < add_months(to_date('1995-09-01'), 1);
----
16.28385

# Q15
query I
with revenue as (
    select
        l_suppkey as supplier_no,
        truncate(sum(l_extendedprice * (1 - l_discount)), 2) as total_revenue
    from
        ctl.tpch.lineitem
    where
            l_shipdate >= to_date ('1996-01-01')
      and l_shipdate < to_date ('1996-04-01')
    group by
        l_suppkey)
select
    s_suppkey,
    s_name,
    s_address,
    s_phone,
    total_revenue
from
    ctl.tpch.supplier,
    revenue
where
        s_suppkey = supplier_no
  and total_revenue = (
    select
        max(total_revenue)
    from
        revenue
)
order by
    s_suppkey;
----
677 Supplier#000000677 8mhrffG7D2WJBSQbOGstQ 23-290-639-3315 1614410.29

# Q15 with materialized cte
query I
with revenue as materialized (
    select
        l_suppkey as supplier_no,
        truncate(sum(l_extendedprice * (1 - l_discount)), 2) as total_revenue
    from
        ctl.tpch.lineitem
    where
            l_shipdate >= to_date ('1996-01-01')
      and l_shipdate < to_date ('1996-04-01')
    group by
        l_suppkey)
select
    s_suppkey,
    s_name,
    s_address,
    s_phone,
    total_revenue
from
    ctl.tpch.supplier,
    revenue
where
        s_suppkey = supplier_no
  and total_revenue = (
    select
        max(total_revenue)
    from
        revenue
)
order by
    s_suppkey;
----
677 Supplier#000000677 8mhrffG7D2WJBSQbOGstQ 23-290-639-3315 1614410.29


# Q16
query I
select
    p_brand,
    p_type,
    p_size,
    count(distinct ps_suppkey) as supplier_cnt
from
    ctl.tpch.partsupp,
    ctl.tpch.part
where
        p_partkey = ps_partkey
  and p_brand <> 'Brand#45'
  and p_type not like 'MEDIUM POLISHED%'
  and p_size in (49, 14, 23, 45, 19, 3, 36, 9)
  and ps_suppkey not in (
    select
        s_suppkey
    from
        ctl.tpch.supplier
    where
            s_comment like '%Customer%Complaints%'
)
group by
    p_brand,
    p_type,
    p_size
order by
    supplier_cnt desc,
    p_brand,
    p_type,
    p_size
limit 20;
----
Brand#14 SMALL ANODIZED NICKEL 45 12
Brand#22 SMALL BURNISHED BRASS 19 12
Brand#25 PROMO POLISHED COPPER 14 12
Brand#35 LARGE ANODIZED STEEL 45 12
Brand#35 PROMO BRUSHED COPPER 9 12
Brand#51 ECONOMY ANODIZED STEEL 9 12
Brand#53 LARGE BRUSHED NICKEL 45 12
Brand#11 ECONOMY POLISHED COPPER 14 8
Brand#11 LARGE PLATED STEEL 23 8
Brand#11 PROMO POLISHED STEEL 23 8
Brand#11 STANDARD ANODIZED COPPER 9 8
Brand#12 ECONOMY BURNISHED BRASS 9 8
Brand#12 LARGE ANODIZED BRASS 14 8
Brand#12 SMALL ANODIZED TIN 23 8
Brand#12 SMALL BRUSHED NICKEL 23 8
Brand#12 STANDARD ANODIZED BRASS 3 8
Brand#12 STANDARD BURNISHED TIN 23 8
Brand#13 ECONOMY POLISHED BRASS 9 8
Brand#13 LARGE BURNISHED COPPER 45 8
Brand#13 MEDIUM ANODIZED STEEL 23 8

#Q17
query I
select
        truncate(sum(l_extendedprice) / 7.0,8) as avg_yearly
from
    ctl.tpch.lineitem,
    ctl.tpch.part
where
        p_partkey = l_partkey
  and p_brand = 'Brand#23'
  and p_container = 'MED BOX'
  and l_quantity < (
    select
            0.2 * avg(l_quantity)
    from
        ctl.tpch.lineitem
    where
            l_partkey = p_partkey
);
----
23512.75285714

#Q17 variant
query I
SELECT
  TRUNCATE(sum(l_extendedprice) / 7.0, 8) AS avg_yearly
FROM
  ctl.tpch.lineitem,
  ctl.tpch.part
WHERE
  p_partkey = l_partkey
  AND p_brand = 'Brand#23'
  AND p_container = 'MED BOX'
  AND l_quantity < (
    SELECT
      0.2 * (sum(l_quantity) / count(l_quantity))
    FROM
      ctl.tpch.lineitem
    WHERE
      l_partkey = p_partkey
  );
----
23512.75285714

#Q18
query I
select
    c_name,
    c_custkey,
    o_orderkey,
    o_orderdate,
    o_totalprice,
    sum(l_quantity)
from
    ctl.tpch.customer,
    ctl.tpch.orders,
    ctl.tpch.lineitem
where
        o_orderkey in (
        select
            l_orderkey
        from
            ctl.tpch.lineitem
        group by
            l_orderkey having
                sum(l_quantity) > 300
    )
  and c_custkey = o_custkey
  and o_orderkey = l_orderkey
group by
    c_name,
    c_custkey,
    o_orderkey,
    o_orderdate,
    o_totalprice
order by
    o_totalprice desc,
    o_orderdate;
----
Customer#000001639 1639 502886 1994-04-12 456423.88 312.00
Customer#000006655 6655 29158 1995-10-21 452805.02 305.00
Customer#000014110 14110 565574 1995-09-24 425099.85 301.00
Customer#000001775 1775 6882 1997-04-09 408368.10 303.00
Customer#000011459 11459 551136 1993-05-19 386812.74 308.00

# Q19
query I
select
    truncate(sum(l_extendedprice* (1 - l_discount)),3) as revenue
from
    ctl.tpch.lineitem,
    ctl.tpch.part
where
    (
                p_partkey = l_partkey
            and p_brand = 'Brand#52'
            and p_container in
                (
                 'SM CASE',
                 'SM BOX',
                 'SM PACK',
                 'SM PKG'
                    )
            and l_quantity >= 4
            and l_quantity <= 4 + 10
            and p_size between 1 and 5
            and l_shipmode in
                (
                 'AIR',
                 'AIR REG'
                    )
            and l_shipinstruct = 'DELIVER IN PERSON'
        )
   or
    (
                p_partkey = l_partkey
            and p_brand = 'Brand#11'
            and p_container in
                (
                 'MED BAG',
                 'MED BOX',
                 'MED PKG',
                 'MED PACK'
                    )
            and l_quantity >= 18
            and l_quantity <= 18 + 10
            and p_size between 1 and 10
            and l_shipmode in
                (
                 'AIR',
                 'AIR REG'
                    )
            and l_shipinstruct = 'DELIVER IN PERSON'
        )
   or
    (
                p_partkey = l_partkey
            and p_brand = 'Brand#51'
            and p_container in
                (
                 'LG CASE',
                 'LG BOX',
                 'LG PACK',
                 'LG PKG'
                    )
            and l_quantity >= 29
            and l_quantity <= 29 + 10
            and p_size between 1 and 15
            and l_shipmode in
                (
                 'AIR',
                 'AIR REG'
                    )
            and l_shipinstruct = 'DELIVER IN PERSON'
        );
----
350370.483

# Q20
query I
select
    s_name,
    s_address
from
    ctl.tpch.supplier,
    ctl.tpch.nation
where
        s_suppkey in (
        select
            ps_suppkey
        from
            ctl.tpch.partsupp
        where
                ps_partkey in (
                select
                    p_partkey
                from
                    ctl.tpch.part
                where
                        p_name like 'forest%'
            )
          and ps_availqty > (
            select
                    0.5 * sum(l_quantity)
            from
                ctl.tpch.lineitem
            where
                    l_partkey = ps_partkey
              and l_suppkey = ps_suppkey
              and l_shipdate >= to_date('1994-01-01')
              and l_shipdate < add_years(to_date('1994-01-01'), 1)
        )
    )
  and s_nationkey = n_nationkey
  and n_name = 'CANADA'
order by
    s_name;
----
Supplier#000000157 ,mEGorBfVIm
Supplier#000000197 YC2Acon6kjY3zj3Fbxs2k4Vdf7X0cd2F
Supplier#000000287 7a9SP7qW5Yku5PvSg
Supplier#000000378 FfbhyCxWvcPrO8ltp9
Supplier#000000530 0qwCMwobKY OcmLyfRXlagA8ukENJv,
Supplier#000000555 TfB,a5bfl3Ah 3Z 74GqnNs6zKVGM
Supplier#000000557 jj0wUYh9K3fG5Jhdhrkuy ,4
Supplier#000000729 pqck2ppy758TQpZCUAjPvlU55K3QjfL7Bi
Supplier#000000935 ij98czM 2KzWe7dDTOxB8sq0UfCdvrX

# Q21
query I
select
    s_name,
    truncate(count(*),4) as numwait
from
    ctl.tpch.supplier,
    ctl.tpch.lineitem l1,
    ctl.tpch.orders,
    ctl.tpch.nation
where
        s_suppkey = l1.l_suppkey
  and o_orderkey = l1.l_orderkey
  and o_orderstatus = 'F'
  and l1.l_receiptdate > l1.l_commitdate
  and exists (
        select
            *
        from
            ctl.tpch.lineitem l2
        where
                l2.l_orderkey = l1.l_orderkey
          and l2.l_suppkey <> l1.l_suppkey
    )
  and not exists (
        select
            *
        from
            ctl.tpch.lineitem l3
        where
                l3.l_orderkey = l1.l_orderkey
          and l3.l_suppkey <> l1.l_suppkey
          and l3.l_receiptdate > l3.l_commitdate
    )
  and s_nationkey = n_nationkey
  and n_name = 'SAUDI ARABIA'
group by
    s_name
order by
    numwait desc,
    s_name;
----
Supplier#000000445 16.0
Supplier#000000825 16.0
Supplier#000000709 15.0
Supplier#000000762 15.0
Supplier#000000357 14.0
Supplier#000000399 14.0
Supplier#000000496 14.0
Supplier#000000977 13.0
Supplier#000000144 12.0
Supplier#000000188 12.0
Supplier#000000415 12.0
Supplier#000000472 12.0
Supplier#000000633 12.0
Supplier#000000708 12.0
Supplier#000000889 12.0
Supplier#000000380 11.0
Supplier#000000602 11.0
Supplier#000000659 11.0
Supplier#000000821 11.0
Supplier#000000929 11.0
Supplier#000000262 10.0
Supplier#000000460 10.0
Supplier#000000486 10.0
Supplier#000000669 10.0
Supplier#000000718 10.0
Supplier#000000778 10.0
Supplier#000000167 9.0
Supplier#000000578 9.0
Supplier#000000673 9.0
Supplier#000000687 9.0
Supplier#000000074 8.0
Supplier#000000565 8.0
Supplier#000000648 8.0
Supplier#000000918 8.0
Supplier#000000427 7.0
Supplier#000000503 7.0
Supplier#000000610 7.0
Supplier#000000670 7.0
Supplier#000000811 7.0
Supplier#000000114 6.0
Supplier#000000379 6.0
Supplier#000000436 6.0
Supplier#000000500 6.0
Supplier#000000660 6.0
Supplier#000000788 6.0
Supplier#000000846 6.0
Supplier#000000920 4.0

# Q22
query I
select
    cntrycode,
    count(*) as numcust,
    sum(c_acctbal) as totacctbal
from
    (
        select
            substring(c_phone from 1 for 2) as cntrycode,
            c_acctbal
        from
            ctl.tpch.customer
        where
                substring(c_phone from 1 for 2) in
                ('13', '31', '23', '29', '30', '18', '17')
          and c_acctbal > (
            select
                avg(c_acctbal)
            from
                ctl.tpch.customer
            where
                    c_acctbal > 0.00
              and substring(c_phone from 1 for 2) in
                  ('13', '31', '23', '29', '30', '18', '17')
        )
          and not exists (
                select
                    *
                from
                    ctl.tpch.orders
                where
                        o_custkey = c_custkey
            )
    ) as custsale
group by
    cntrycode
order by
    cntrycode;
----
13 94 714035.05
17 96 722560.15
18 99 738012.52
23 93 708285.25
29 85 632693.46
30 87 646748.02
31 87 647372.50
