statement ok
SET GLOBAL (max_threads, storage_io_min_bytes_for_seek) = (13, 56);

query TT
select value, default = value  from system.settings where name in ('max_threads', 'storage_io_min_bytes_for_seek') order by value;
----
13 0
56 0

statement ok
set variable (a, b) = (select 12, 55)

statement ok
set variable c = (select 32);

statement ok
SET GLOBAL (max_threads, storage_io_min_bytes_for_seek) = select $a + 1, $b + 1;

query TT
select value, default = value  from system.settings where name in ('max_threads', 'storage_io_min_bytes_for_seek') order by value;
----
13 0
56 0

statement ok
UNSET GLOBAL (max_threads, storage_io_min_bytes_for_seek);

query TT
select  default = value from system.settings where name in ('max_threads', 'storage_io_min_bytes_for_seek');
----
1
1

statement ok
set variable a = 1;

statement ok
set variable (b, c) = ('yy', 'zz');

query ITT
select $a + getvariable('a') + $a, getvariable('b'), getvariable('c'), getvariable('d')
----
3 yy zz NULL

statement ok
unset variable (a, b)

query ITT
select getvariable('a'), getvariable('b'), 'xx' || 'yy' || getvariable('c') , getvariable('d')
----
NULL NULL xxyyzz NULL

statement ok
unset variable (a, b, c)

statement ok
CREATE OR REPLACE TABLE monthly_sales(empid INT, amount INT, month TEXT) as select 1,2,'3';

statement ok
set variable t = 'monthly_sales';

query IIT
select * from identifier($t);
----
1 2 3

statement ok
DROP TABLE monthly_sales


statement ok
unset global (timezone, default_order_by_null);

statement ok
create or replace table t(id int, c datetime);

statement ok
settings (timezone='Asia/Shanghai') insert into t values(1,'2022-02-02 00:00:00');

query TT
select * from t;
----
1 2022-02-01 16:00:00.000000

query TT
settings (timezone='Asia/Shanghai') select * from t;
----
1 2022-02-02 00:00:00.000000

query TTTT
SELECT
    e1.id AS e1_name,
    e2.id AS e2_name,
    e1.c AS e1_value,
    e2.c AS e2_value
FROM
    t e1
LEFT JOIN
    t e2 ON e1.id = e2.id where e1.id=1;
----
1 1 2022-02-01 16:00:00.000000 2022-02-01 16:00:00.000000

query TTTT
settings (timezone='America/Toronto') SELECT
    e1.id AS e1_name,
    e2.id AS e2_name,
    e1.c AS e1_value,
    e2.c AS e2_value
FROM
    t e1
LEFT JOIN
    t e2 ON e1.id = e2.id where e1.id=1;
----
1 1 2022-02-01 11:00:00.000000 2022-02-01 11:00:00.000000

statement ok
create or replace table t1(id int null, c datetime null);

statement ok
insert into t1 values(1,'2022-02-02 00:00:00'), (null, '2022-02-02 00:00:00');

query TTTT
select id, c from t union all select id, c from t1 order by id, c;
----
1 2022-02-01 16:00:00.000000
1 2022-02-02 00:00:00.000000
NULL 2022-02-02 00:00:00.000000

statement error 1078
settings (timezone='Aisa/Shanghai', default_order_by_null='nulls_first') select id, c from t union all select id, c from t1 order by id, c;

statement error 1005
settings (max_thread=select 1, default_order_by_null='nulls_first') select id, c from t union all select id, c from t1 order by id, c;

query TTTT
settings (timezone='Asia/Shanghai', default_order_by_null='nulls_first') select id, c from t union all select id, c from t1 order by id, c;
----
NULL 2022-02-02 08:00:00.000000
1 2022-02-02 00:00:00.000000
1 2022-02-02 08:00:00.000000


query T
show settings where name in ('timezone', 'default_order_by_null')
----
default_order_by_null nulls_last nulls_last ["nulls_first", "nulls_last", "nulls_first_on_asc_last_on_desc",... DEFAULT Set numeric default_order_by_null mode String
timezone UTC UTC ["Africa/Abidjan", "Africa/Accra", "Africa/Addis_Ababa", "Africa... DEFAULT Sets the timezone. String

query TTTT
settings (max_threads = 100)
SELECT
  e1.name AS e1_name,
  e2.name AS e2_name,
  e1.value AS e1_value,
  e2.value AS e2_value
FROM
  system.settings e1
  LEFT JOIN system.settings e2 ON e1.name = e2.name
WHERE
  e1.name = 'max_threads'
----
max_threads max_threads 100 100

query
select value=default, level from system.settings where name='max_threads';
----
1 DEFAULT
