statement ok
create or replace database d_subquery;

statement ok
use d_subquery;


statement ok
CREATE OR REPLACE TABLE t1 (a int);

statement ok
CREATE OR REPLACE TABLE t2 (a int);

statement ok
INSERT INTO t1 VALUES (1), (2), (NULL);

statement ok
INSERT INTO t2 VALUES (2), (NULL);


query IBB rowsort
SELECT t1.a, EXISTS(SELECT 1 FROM t2 WHERE t2.a = t1.a), not EXISTS(SELECT 1 FROM t2 WHERE t2.a = t1.a)  AS has_match
FROM t1;
----
1 0 1
2 1 0
NULL 0 1

query IBB rowsort
SELECT
      t1.a,
      t1.a IN (SELECT a FROM t2) AS in_match,
      t1.a NOT IN (SELECT a FROM t2) AS not_in_match
FROM t1;
----
1 NULL NULL
2 1 0
NULL 1 0

query III
SELECT * FROM (SELECT 1 AS x) AS ss1 LEFT OUTER JOIN (SELECT 2 DIV 228 AS y) AS ss2 ON TRUE, LATERAL (SELECT ss2.y AS z LIMIT 1) AS ss3
----
1 0 0

statement ok
CREATE OR REPLACE TABLE c (c_id INT NULL, bill VARCHAR NULL)

statement ok
CREATE OR REPLACE TABLE o (o_id INT NULL, c_id INT NULL, ship VARCHAR NULL)

statement ok
INSERT INTO c VALUES
    (1, 'CA'),
    (2, 'TX'),
    (3, 'MA'),
    (4, 'TX'),
    (5, NULL),
    (6, 'FL')

statement ok
INSERT INTO o VALUES
    (10, 1, 'CA'), (20, 1, 'CA'), (30, 1, 'CA'),
    (40, 2, 'CA'), (50, 2, 'TX'), (60, 2, NULL),
    (70, 4, 'WY'), (80, 4, NULL),
    (90, 6, 'WA')

# Subquery in WHERE clause

query IT
SELECT * FROM c WHERE EXISTS(SELECT * FROM o WHERE o.c_id=c.c_id) ORDER BY c_id
----
1  CA
2  TX
4  TX
6  FL

query ITIIT
SELECT * FROM c, o WHERE c.c_id = o.c_id AND (EXISTS(SELECT * FROM o WHERE o.c_id=c.c_id) OR EXISTS(SELECT * FROM o where o.ship = c.bill)) ORDER BY c.c_id
----
1  CA   10 1  CA
1  CA   20 1  CA
1  CA   30 1  CA
2  TX   40 2  CA
2  TX   50 2  TX
2  TX   60 2  NULL
4  TX   70 4  WY
4  TX   80 4  NULL
6  FL   90 6  WA

query IT
SELECT * FROM c WHERE NOT EXISTS(SELECT * FROM o WHERE o.c_id=c.c_id) ORDER BY c_id
----
3  MA
5  NULL

query IT
SELECT *
FROM c
WHERE
    EXISTS(SELECT * FROM o WHERE o.c_id=c.c_id)
    OR NOT EXISTS(SELECT * FROM o WHERE o.c_id=c.c_id)
ORDER BY c_id
----
1  CA
2  TX
3  MA
4  TX
5  NULL
6  FL

query IT
SELECT * FROM c WHERE EXISTS(SELECT * FROM o WHERE o.c_id=c.c_id AND c.bill='TX') ORDER BY c_id
----
2  TX
4  TX

query IT
SELECT * FROM c WHERE c.bill IN (SELECT o.ship FROM o WHERE o.c_id=c.c_id) and c.bill > 'MA'
----
2 TX

query IT
SELECT * FROM c WHERE 'WY' IN (SELECT ship FROM o WHERE o.c_id=c.c_id)
----
4  TX

query IT
SELECT *
FROM c
WHERE
    'WY' IN (SELECT ship FROM o WHERE o.c_id=c.c_id)
    OR 'WA' IN (SELECT ship FROM o WHERE o.c_id=c.c_id)
ORDER BY c_id
----
4  TX
6  FL

query IT
SELECT *
FROM c
WHERE
    'CA' IN (SELECT ship FROM o WHERE o.c_id=c.c_id)
    AND 'TX' NOT IN (SELECT ship FROM o WHERE o.c_id=c.c_id)
----
1  CA

query IT
SELECT * FROM c WHERE bill IN (SELECT ship FROM o WHERE o.c_id=c.c_id) ORDER BY c_id
----
1  CA
2  TX


query IT
SELECT * FROM c WHERE bill = ALL(SELECT ship FROM o WHERE o.c_id=c.c_id) ORDER BY c_id
----
1  CA
3  MA
5  NULL


query IT
SELECT * FROM c WHERE bill < ANY(SELECT ship FROM o WHERE o.c_id=c.c_id) ORDER BY c_id
----
4  TX
6  FL


query IT
SELECT * FROM c WHERE (bill < ANY(SELECT ship FROM o WHERE o.c_id=c.c_id)) IS NULL
----
2  TX


query IT
SELECT * FROM c WHERE (bill < ANY(SELECT ship FROM o WHERE o.c_id=c.c_id)) IS NOT NULL ORDER BY c_id
----
1  CA
3  MA
4  TX
5  NULL
6  FL


query IT
SELECT * FROM c WHERE bill > ANY(SELECT ship FROM o WHERE o.c_id=c.c_id)
----
2  TX


query IT
SELECT * FROM c WHERE (bill > ANY(SELECT ship FROM o WHERE o.c_id=c.c_id)) IS NULL
----
4  TX


query IT
SELECT * FROM c WHERE (bill > ANY(SELECT ship FROM o WHERE o.c_id=c.c_id)) IS NOT NULL ORDER BY c_id
----
1  CA
2  TX
3  MA
5  NULL
6  FL


query IT
SELECT * FROM c WHERE bill = ANY(SELECT ship FROM o) ORDER BY c_id
----
1  CA
2  TX
4  TX


query IT
SELECT * FROM c WHERE bill = ANY(SELECT ship FROM o) OR bill IS NULL ORDER BY c_id
----
1  CA
2  TX
4  TX
5  NULL


query IT
SELECT *
FROM c
WHERE
    bill = ALL(SELECT ship FROM o WHERE o.c_id=c.c_id)
    OR EXISTS(SELECT * FROM o WHERE o.c_id=c.c_id AND ship='WY')
ORDER BY c_id
----
1  CA
3  MA
4  TX
5  NULL


query IT
SELECT *
FROM c
WHERE
    bill = ALL(SELECT ship FROM o WHERE o.c_id=c.c_id)
    AND EXISTS(SELECT * FROM o WHERE o.c_id=c.c_id)
----
1  CA


query IT
SELECT * FROM c WHERE bill NOT IN (SELECT ship FROM o WHERE o.c_id=c.c_id) ORDER BY c_id
----
3  MA
5  NULL
6  FL


query IT
SELECT * FROM c WHERE bill NOT IN (SELECT ship FROM o WHERE o.c_id=c.c_id AND ship IS NOT NULL) ORDER BY c_id
----
3  MA
4  TX
5  NULL
6  FL


query IT
SELECT * FROM c WHERE bill NOT IN (SELECT ship FROM o WHERE o.c_id=c.c_id AND ship IS NULL) ORDER BY c_id
----
1  CA
3  MA
5  NULL
6  FL


query IT
SELECT * FROM c WHERE (SELECT count(*) FROM o WHERE o.c_id=c.c_id) > 1 ORDER BY c_id
----
1  CA
2  TX
4  TX


query IT
SELECT * FROM c WHERE (SELECT count(ship) FROM o WHERE o.c_id=c.c_id) > 1 ORDER BY c_id
----
1 CA
2 TX


query IT
SELECT *
FROM c
WHERE
    (SELECT count(*) FROM o WHERE o.c_id=c.c_id) > 1
    AND (SELECT max(ship) FROM o WHERE o.c_id=c.c_id) = 'CA'
ORDER BY c_id
----
1 CA


query IT
SELECT c_id, bill
FROM c AS c2
WHERE EXISTS
(
    SELECT *
    FROM (SELECT c_id, coalesce(ship, bill) AS state FROM o WHERE c_id=c2.c_id) AS o
    WHERE state=bill
)
ORDER BY c_id
----
1  CA
2  TX
4  TX


statement ok
SELECT *
FROM c
WHERE (SELECT o_id FROM o WHERE o.c_id=c.c_id AND ship='WY')=4


query IT
SELECT * FROM c WHERE c_id=(SELECT c_id FROM o WHERE ship='WA' AND bill='FL')
----
6  FL

query IT
SELECT * FROM ( SELECT * FROM c WHERE c_id < 6 ) c WHERE c_id in (SELECT o.c_id FROM o WHERE o.c_id = c.c_id AND c.bill!='MA') ORDER BY c_id;
----
1  CA
2  TX
4  TX

# Subquery in SELECT clause


query IB
SELECT c_id, EXISTS(SELECT * FROM o WHERE o.c_id=c.c_id) FROM c ORDER BY c_id
----
1  1
2  1
3  0
4  1
5  0
6  1


query IB
SELECT c_id, NOT EXISTS(SELECT * FROM o WHERE o.c_id=c.c_id) FROM c ORDER BY c_id
----
1  0
2  0
3  1
4  0
5  1
6  0


query IB
SELECT
    c_id,
    EXISTS(SELECT * FROM o WHERE o.c_id=c.c_id)
    OR NOT EXISTS(SELECT * FROM o WHERE o.c_id=c.c_id)
FROM c
ORDER BY c_id
----
1  1
2  1
3  1
4  1
5  1
6  1


query IB
SELECT c_id, EXISTS(SELECT * FROM o WHERE o.c_id=c.c_id AND c.bill='TX') FROM c ORDER BY c_id
----
1  0
2  1
3  0
4  1
5  0
6  0


query IB
SELECT c_id, 'WY' IN (SELECT ship FROM o WHERE o.c_id=c.c_id) FROM c ORDER BY c_id
----
1  0
2  NULL
3  0
4  1
5  0
6  0


query IB
SELECT
    c_id,
    'CA' IN (SELECT ship FROM o WHERE o.c_id=c.c_id)
    AND 'TX' NOT IN (SELECT ship FROM o WHERE o.c_id=c.c_id)
FROM c
ORDER BY c_id
----
1  1
2  0
3  0
4  NULL
5  0
6  0


query IB
SELECT c_id, bill = ALL(SELECT ship FROM o WHERE o.c_id=c.c_id) FROM c ORDER BY c_id
----
1  1
2  0
3  1
4  0
5  1
6  0


query IB
SELECT c_id, bill NOT IN (SELECT ship FROM o WHERE o.c_id=c.c_id) FROM c ORDER BY c_id
----
1  0
2  0
3  1
4  NULL
5  1
6  1


query IB
SELECT c_id, bill NOT IN (SELECT ship FROM o WHERE o.c_id=c.c_id AND ship IS NOT NULL)
FROM c
ORDER BY c_id
----
1  0
2  0
3  1
4  1
5  1
6  1


query IB
SELECT c_id, bill NOT IN (SELECT ship FROM o WHERE o.c_id=c.c_id AND ship IS NULL)
FROM c
ORDER BY c_id
----
1  1
2  NULL
3  1
4  NULL
5  1
6  1


query IB
SELECT c_id, bill < ANY(SELECT ship FROM o WHERE o.c_id=c.c_id) FROM c ORDER BY c_id
----
1  0
2  NULL
3  0
4  1
5  0
6  1


query IB
SELECT c_id, (bill < ANY(SELECT ship FROM o WHERE o.c_id=c.c_id)) IS NULL FROM c ORDER BY c_id
----
1  0
2  1
3  0
4  0
5  0
6  0


query IB
SELECT c_id, (bill < ANY(SELECT ship FROM o WHERE o.c_id=c.c_id)) IS NOT NULL FROM c ORDER BY c_id
----
1  1
2  0
3  1
4  1
5  1
6  1


query IB
SELECT c_id, bill > ANY(SELECT ship FROM o WHERE o.c_id=c.c_id) FROM c ORDER BY c_id
----
1  0
2  1
3  0
4  NULL
5  0
6  0


query IB
SELECT c_id, (bill > ANY(SELECT ship FROM o WHERE o.c_id=c.c_id)) IS NULL FROM c ORDER BY c_id
----
1  0
2  0
3  0
4  1
5  0
6  0


query IB
SELECT c_id, (bill > ANY(SELECT ship FROM o WHERE o.c_id=c.c_id)) IS NOT NULL FROM c ORDER BY c_id
----
1  1
2  1
3  1
4  0
5  1
6  1


query IB
SELECT c_id, bill = ANY(SELECT ship FROM o WHERE ship IS NOT NULL) FROM c ORDER BY c_id
----
1  1
2  1
3  0
4  1
5  NULL
6  0


query IB
SELECT
    c_id,
    bill = ALL(SELECT ship FROM o WHERE o.c_id=c.c_id)
    OR EXISTS(SELECT * FROM o WHERE o.c_id=c.c_id AND ship='WY')
FROM c
ORDER BY c_id
----
1  1
2  0
3  1
4  1
5  1
6  0


query IB
SELECT
    c_id,
    bill = ALL(SELECT ship FROM o WHERE o.c_id=c.c_id)
    AND EXISTS(SELECT * FROM o WHERE o.c_id=c.c_id)
FROM c
ORDER BY c_id
----
1  1
2  0
3  0
4  0
5  0
6  0


query IIT
SELECT
    c.c_id,
    o.o_id,
    (
        SELECT max(CASE WHEN c2.bill > o2.ship THEN c2.bill ELSE o2.ship END)
        FROM c AS c2, o AS o2
        WHERE c2.c_id=o2.c_id AND c2.c_id=c.c_id
    )
FROM c
LEFT JOIN o
ON c.c_id=o.c_id
ORDER BY c.c_id, o.o_id
----
1 10 CA
1 20 CA
1 30 CA
2 40 TX
2 50 TX
2 60 TX
3 NULL NULL
4 70 WY
4 80 WY
5 NULL NULL
6 90 WA


query II
SELECT
    c_id,
    (SELECT count(*) FROM o WHERE o.c_id=c.c_id)
FROM c
ORDER BY c_id
----
1 3
2 3
3 0
4 2
5 0
6 1


query I
SELECT max((SELECT count(*) FROM o WHERE o.c_id=c.c_id)) FROM c
----
3


query IB
SELECT
    c.c_id,
    (SELECT ship FROM o WHERE o.c_id=c.c_id ORDER BY ship LIMIT 1) IS NOT NULL
FROM c
ORDER BY c.c_id
----
1  1
2  0
3  0
4  0
5  0
6  0

query I
select * from numbers(5) where exists(select * from numbers(1)) order by number
----
0
1
2
3
4

query IIT
select *,
(select ship from o where o.o_id = t2.o_id and o.ship != 'WA') ship
from (select min(o_id) o_id, count from (select count(*) count, max(o_id) o_id from o group by c_id) t group by count) t2
order by o_id limit 2;
----
30 3 CA
80 2 NULL

query IIII
select *,
(select uniq(ship) from o where o.c_id = t.c_id)
from (select count(*) count, max(o_id) o_id, c_id from o group by c_id) t
order by o_id;
----
3 30 1 1
3 60 2 2
2 80 4 1
1 90 6 1




query I
select * from (SELECT number AS a FROM numbers(10)) x where exists (select 1::UInt64 b) ORDER BY a
----
0
1
2
3
4
5
6
7
8
9

query I
select (select count() from numbers(10)) + (select count() from numbers(10))
----
20

query B
select 1 < ANY(SELECT NULL)
----
NULL

query B
select 1 < ANY(SELECT 1.0)
----
0

query I
select number from numbers(10) where number in (select unnest([1,2,3])) ORDER BY number
----
1
2
3


statement ok
create or replace table t1 (a int, b int);

statement ok
insert into t1 values(1, 2);


statement ok
create or replace table t2 (a int, b int);

statement ok
insert into t2 values(1, 1);

query II
select * from t2 where t2.b < ANY(select NULL from t1 where t1.a = t1.a)
----

statement ok
create or replace table t3(a int, b int);

statement ok
insert into t3 values(1, 2), (3, 4), (6, 5);

query III
SELECT *, (SELECT SUM(a) FROM t3 WHERE b IN (SELECT b FROM t1 WHERE a = t2.a )) sum FROM t2 WHERE a IN (SELECT a FROM t3 WHERE b < 5);
----
1 1 1

query II
SELECT * FROM t3 WHERE EXISTS (SELECT 1);
----
1 2
3 4
6 5

query II
SELECT * FROM t3 WHERE NOT EXISTS (SELECT 1);
----

query II
SELECT * FROM t3 WHERE a = (SELECT 1);
----
1 2

query II
SELECT * FROM t3 WHERE a > (SELECT 1);
----
3 4
6 5

query II
SELECT * FROM t3 WHERE a IN (SELECT * FROM unnest([]));
----

query II
SELECT * FROM t3 WHERE a IN (SELECT * FROM unnest([1,2,null]));
----
1 2

query II
SELECT * FROM t3 WHERE a IN (SELECT * FROM unnest([1,2,3,4,5,6]));
----
1 2
3 4
6 5

query II
SELECT * FROM t3 WHERE a IN (SELECT * FROM unnest(split('1,2,3,4,5,6', ',')));
----
1 2
3 4
6 5

statement ok
truncate table t3;

statement ok
insert into t3 values (1, 4), (3, 4), (6, 5), (8, 4), (8, 12), (100, 10), (101, 10), (102, 10), (20, 11);

query III
SELECT
  (SELECT COUNT(*) FROM t3 AS x WHERE x.b < t3.b) AS count, a, b
FROM t3 WHERE a + 2 > b ORDER BY count, a;
----
0 3 4
0 8 4
3 6 5
4 100 10
4 101 10
4 102 10
7 20 11

# https://github.com/datafuselabs/databend/issues/16099

statement ok
create or replace table t4(id int, name string, payload json);

statement ok
insert into t4 values(1, 'test', '{"test":11,"test2":22}'),(2, 'test', '{"test":31,"test2":42}');

query IT?
SELECT * FROM t4 WHERE payload:test IN (SELECT payload:test FROM t4 where name = 'test');
----
1 test {"test":11,"test2":22}
2 test {"test":31,"test2":42}

query IT?
SELECT * FROM t4 WHERE payload:test IN (SELECT payload:test2 FROM t4 where name = 'test');
----






# https://github.com/datafuselabs/databend/pull/14353
statement ok
CREATE OR REPLACE TABLE property_records (
  owner_id VARCHAR NULL,
  property_id VARCHAR NULL
) ;

statement ok
CREATE OR REPLACE TABLE mortgage_records (
  property_id VARCHAR NULL
) ;

statement ok
CREATE OR REPLACE TABLE transaction_history (
  owner_id VARCHAR NULL,
  property_id VARCHAR NULL
) ;

query TT
SELECT
  (
    SELECT
      IF(COUNT(0) = 0, '0', '1')
    FROM
      property_records pr
    WHERE
      th.property_id = pr.property_id
      AND th.owner_id = pr.owner_id
  ) AS ownership_status,
  (
    SELECT
      IF(COUNT(0) = 0, '0', '1')
    FROM
      mortgage_records mr
    WHERE
      th.property_id = mr.property_id
  ) AS mortgage_status
FROM
  transaction_history th
----



statement ok
create or replace table t1(a int);

statement ok
insert into t1 values(1), (2), (3);

query error 1001.*Scalar subquery can't return more than one row
select (select sum(a) from t1 where t1.a >= t2.a group by t1.a) from t1 as t2;



statement ok
create or replace table t (i int);

statement ok
insert into t values(1), (2), (3), (null);

query IB
select i, exists(select * from t where i > 10) from t;
----
1 0
2 0
3 0
NULL 0




statement ok
create or replace TABLE `push_log` (
  `name` VARCHAR NULL,
  `data_count` INT NULL,
  `created_at` TIMESTAMP NULL
) ENGINE = FUSE;

statement ok
create or replace TABLE `merge_log` (
  `name` VARCHAR NULL,
  `file_date` VARCHAR NULL,
  `inserted_count` INT NULL,
  `modified_count` INT NULL,
  `created_at` TIMESTAMP NULL
) ENGINE = FUSE;

query
SELECT
  (SELECT MAX(created_at)
   FROM merge_log
   WHERE s.name=name
   AND created_at >= s.push_time
   AND created_at < s.push_time + 1) max_merge_time
FROM (
  SELECT
    name,
    DATE_FORMAT(created_at,'%Y-%m-%d') create_date,
    STR_TO_DATE(DATE_FORMAT(created_at,'%Y-%m-%d'),'%Y-%m-%d') push_time
  FROM push_log
) s;
----



# The test indicates that we need to eliminate the duplicated rows in outer table when flattening the subquery.
# Or there'll result in a wrong result due to more datas generated.
statement ok
create or replace table test_group (
  input_date date,
  value decimal(10,2)
);

statement ok
insert into test_group values ('2024-01-01', 100),('2024-01-01', 200),('2024-01-02', 400),('2024-01-02', 800);

query ?RR
select input_date, sum(value),
(select sum(value)
	    from test_group b
	    where b.input_date >= DATE_TRUNC(YEAR, input_date)
	      and b.input_date <= a.input_date) as total
from test_group a
group by input_date order by input_date;
----
2024-01-01 300.00 300.00
2024-01-02 1200.00 1500.00


# https://github.com/databendlabs/databend/issues/17476
statement ok
CREATE OR REPLACE TABLE t1 AS SELECT * FROM (VALUES (5),(8)) t(i1);

statement ok
CREATE OR REPLACE TABLE t2 AS SELECT * FROM (VALUES (7),(8),(9)) t(i1);

statement ok
CREATE OR REPLACE TABLE t3 AS SELECT * FROM (VALUES (5),(5)) t(i1);

query I
SELECT i1 FROM t1
WHERE t1.i1 != ANY (
  SELECT t1.i1 FROM t2 UNION
  SELECT t3.i1 FROM t3
);
----
8

statement ok
CREATE OR REPLACE TABLE employees AS
SELECT * FROM (
    VALUES
        (1, 1, 50000),
        (2, 2, 60000),
        (3, 3, 70000)
) AS employees(employee_id, name, salary);

statement ok
CREATE OR REPLACE TABLE departments AS
SELECT * FROM (
    VALUES
        (101, 1, 1),
        (102, 2, 2),
        (103, 3, 3)
) AS departments(department_id, department_name, manager_id);

statement ok
CREATE OR REPLACE TABLE salaries AS
SELECT * FROM (
    VALUES
        (1, 50000),
        (2, 60000),
        (3, 70000),
        (4, 80000),
        (5, 90000)
) AS salaries(employee_id, salary);

query II
SELECT
    e.employee_id,
    d.department_name
FROM
    employees e
INNER JOIN
    departments d
ON
    e.employee_id = d.manager_id
WHERE
    e.salary > ANY (
        SELECT salary
        FROM salaries
        WHERE employee_id != e.employee_id
    )
ORDER BY employee_id;
----
2 2
3 3

query II
SELECT
    e.employee_id,
    d.department_name
FROM
    employees e
INNER JOIN
    departments d
ON
    e.employee_id = d.manager_id
WHERE
    e.salary <= ALL (
        SELECT salary
        FROM salaries
        WHERE employee_id != e.employee_id
    )
ORDER BY employee_id;
----
1 1




statement ok
create or replace table tab1 as select * from (values (1), (2), (3)) tab(n);

statement ok
create or replace table tab2 as select * from (values (1, 10), (1, 20), (2, 30)) tab(n, m);

statement ok
create or replace table tab3 as select * from (values (10, 100), (20, 200), (30, 300)) tab(m, k);

query II
select t.n, t.m + t.k as result
from (
    select t1.n, t2.m, t3.k
    from tab1 t1
    join tab2 t2 on t1.n = t2.n
    join tab3 t3 on t2.m = t3.m
) t
where t.k = any (select tab3.k from tab3 where tab3.k = t.n * 100 and tab3.m = t.m);
----
1 110

query II
select t.n, t.m + t.k as result
from (
    select t1.n, t2.m, t3.k
    from (values (1), (2), (3)) t1(n)
    join tab2 t2 on t1.n = t2.n
    join tab3 t3 on t2.m = t3.m
) t
where t.k = any (select tab3.k from tab3 where tab3.k = t.n * 100 and tab3.m = t.m);
----
1 110

query III
select
  t.n,
  t.m + t.k as result,
  (select count(tab3.k) from tab3 where tab3.k = t.n * 100 and tab3.m = t.m) count
from (
    select t1.n, t2.m, t3.k
    from tab1 t1
    join tab2 t2 on t1.n = t2.n
    join tab3 t3 on t2.m = t3.m
) t order by result;
----
1 110 1
1 220 0
2 330 0

query III
select
  t.n,
  t.m + t.k as result,
  (select count(tab3.k) from tab3 where tab3.k = t.n * 100 and tab3.m = t.m) count
from (
    select t1.n, t2.m, t3.k
    from (values (1), (2), (3)) t1(n)
    join tab2 t2 on t1.n = t2.n
    join tab3 t3 on t2.m = t3.m
) t order by result;
----
1 110 1
1 220 0
2 330 0

query II
select t.n, t.m + x as result
from
    (select * from (values (100)) const_table(x)),
    (
        select t1.n, t2.m
        from tab1 t1
        join tab2 t2 on t1.n = t2.n
    ) t
where t.m = any (select t2.m from tab2 t2 where t2.n = t.n)
order by result;
----
1 110
1 120
2 130

statement ok
create or replace table tab1 as select * from (values (1), (2), (3)) tab(n);

statement ok
create or replace table tab2 as select * from (values (1, 10), (1, 20), (2, 30)) tab(n, m);

query II
select t.n, t.total_m
from (
    select n, sum(m) as total_m
    from tab2
    group by n
) t
where t.total_m = any (
    select sum(m)+20 from tab2
    where tab2.n = t.n and m <= t.total_m / 2
);
----
1 30

statement ok
create or replace table t1 as
select * from (values 
    (5, 7), 
    (8, 6), 
    (9, 9), 
    (10, 1),
    (11, 2)
) t(a, b);

statement ok
create or replace table t2 as
select * from (values 
    (5, 1), 
    (9, 2), 
    (8, 3)
) t(a, b);

statement ok
create or replace table t3 as
select * from (values 
    (5, 1), 
    (8, 3)
) t(a, b);

query IIII
select * from t1 full join t2 on t1.a = ( select a from t3 where b = t2.b ) order by t1.a;
----
5 7 5 1
8 6 8 3
9 9 NULL NULL
10 1 NULL NULL
11 2 NULL NULL
NULL NULL 9 2

query IIII
select * from t1 left join t2 on t1.a = ( select a from t3 where b = t2.b ) order by t1.a;
----
5 7 5 1
8 6 8 3
9 9 NULL NULL
10 1 NULL NULL
11 2 NULL NULL

query IIII
select * from t1 right join t2 on t1.a = ( select a from t3 where b = t2.b ) order by t1.a;
----
5 7 5 1
8 6 8 3
NULL NULL 9 2

query IIII
select * from t1 join t2 on t1.a = ( select a from t3 where b = t2.b ) order by t1.a;
----
5 7 5 1
8 6 8 3

query IIII
select * from t1 join t2 on t1.a - 1 = ( select a from t3 where b = t2.b ) + 1  order by t1.a;
----
10 1 8 3

query IIII
select * from t1 join t2 on ( select a from t3 where b = t2.b ) = ( select a from t3 where a = t1.a ) order by t1.a;
----
5 7 5 1
8 6 8 3

query IIII
select * from t1 join t2 on exists ( select a from t3 where a = t1.a and b = t2.b ) order by t1.a;
----
5 7 5 1
8 6 8 3

statement ok
drop database d_subquery;
