query I
SELECT LOCATE('bar', 'foobarbar')
----
4

query I
SELECT LOCATE('xbar', 'foobar')
----
0

query I
SELECT LOCATE('bar', 'foobarbar', 5)
----
7

query I
SELECT LOCATE('', 'foobarbar')
----
1

query I
SELECT LOCATE('', '')
----
1

query I
SELECT LOCATE('', 'foobarbar', 5)
----
5

query I
SELECT POSITION('bar' IN 'foobarbar')
----
4

query I
SELECT POSITION('xbar' IN 'foobar')
----
0

query I
SELECT POSITION('' IN 'foobarbar')
----
1

query I
SELECT POSITION('' IN '')
----
1

query I
SELECT INSTR('foobarbar', 'bar')
----
4

query I
SELECT INSTR('foobar', 'xbar')
----
0

query I
SELECT INSTR('foobarbar', '')
----
1

query I
SELECT INSTR('', '')
----
1

query T
SELECT INSTR('你你好你', '你', 1);
----
1

query T
SELECT INSTR('你你好你', '你', 1, 1);
----
1

query T
SELECT INSTR('你你好你', '你', 1, 2);
----
2

query T
SELECT INSTR('你你好你', '你', -1, 1);
----
4

query T
SELECT INSTR('你你好你', '你', -1, 2);
----
2

query T
SELECT INSTR('CORPORATE FLOOR','OR', 3, 2);
----
14

query T
SELECT INSTR('CORPORATE FLOOR','OR', -3, 2)
----
2

statement ok
create or replace table t(c1 string);

statement ok
insert into t values('CORPORATE FLOOR'),('你你好你');

query T
select instr(c1,'OR', -3, 2) from t;
----
2
0

query T
select instr(c1,'你', -1) from t;
----
0
4

statement ok
drop table if exists t;
