query T
SELECT typeof(CAST(number AS float)) FROM numbers_mt(1)
----
FLOAT

query T
SELECT typeof(CAST(number AS float32)) FROM numbers_mt(1)
----
FLOAT

query T
SELECT typeof(CAST(number AS UInt64)) FROM numbers_mt(1)
----
BIGINT UNSIGNED

query T
SELECT typeof(to_int8(number)) FROM numbers_mt(1)
----
TINYINT

query T
SELECT typeof(to_int16(number)) FROM numbers_mt(1)
----
SMALLINT

query T
SELECT typeof(to_int32(number)) FROM numbers_mt(1)
----
INT

query T
SELECT typeof(to_int64(number)) FROM numbers_mt(1)
----
BIGINT

query T
SELECT typeof(to_uint32(number)) FROM numbers_mt(1)
----
INT UNSIGNED

query T
SELECT typeof(number::float) FROM numbers_mt(1)
----
FLOAT

query T
SELECT typeof(number::float64) FROM numbers_mt(1)
----
DOUBLE

query T
SELECT typeof(number::UInt64) FROM numbers_mt(1)
----
BIGINT UNSIGNED

query F
SELECT CAST(1 + 1, Float64)
----
2.0

query I
SELECT CAST(CAST(1 + 1 + 1, String) AS Int8)
----
3


statement ok
SELECT CAST(Null as Int64)


statement ok
SELECT CAST(Null as Varchar)


statement ok
SELECT CAST(Null as Boolean)

query B
SELECT CAST('33' as signed) = 33
----
1

query B
SELECT CAST('33' as unsigned) = 33
----
1



statement error 1006
SELECT CAST('-33aa' as signed) = 33


statement error 1006
SELECT CAST('33 aa' as unsigned) = 33


statement error 1006
SELECT CAST('-33' as unsigned) = 0


statement error 1006
SELECT CAST('aa' as unsigned) = 0


statement error 1006
SELECT CAST('aa' as Float64) = 0

query B
SELECT '33'::signed = 33
----
1


query B
SELECT '33'::unsigned = 33
----
1



statement error 1006
SELECT '-33aa'::signed = 33

query B
SELECT 33::string = '33'
----
1


query B
select 'truE'::boolean
----
1

query B
select not 'FalSe'::boolean
----
1


query B
select 'false'::boolean = not 'true'::boolean
----
1

query B
SELECT  to_timestamp('2021-03-05 01:01:01') + 1 = to_timestamp('2021-03-05 01:01:01.000001')
----
1

query B
SELECT  to_date('2021-03-05') + 1 = to_date('2021-03-06')
----
1

query B
SELECT  to_varchar(to_date('2021-03-05') + 1) = '2021-03-06'
----
1

query B
SELECT to_timestamp(to_date('2021-03-05')) = to_timestamp('2021-03-05 00:00:00')
----
1


query B
SELECT to_date(to_timestamp('2021-03-05 01:00:00')) = to_date('2021-03-05')
----
1


query B
SELECT to_varchar(to_timestamp(1640019661000000)) = '2021-12-20 17:01:01.000000'
----
1


query B
SELECT to_date(to_timestamp(1640019661000000)) = to_date('2021-12-20')
----
1

query BB
SELECT to_date('2022-02-03T00:00:00+09:00') = to_date('2022-02-02'), to_date('2022-11-10 00:54:12') = to_date('2022-11-10')
----
1 1


query B
SELECT to_timestamp(1640019661000000) = to_timestamp('2021-12-20 17:01:01.000000')
----
1


query B
SELECT to_variant(true)::boolean
----
1

query B
SELECT to_variant(false)::boolean
----
0


query B
SELECT parse_json('"true"')::boolean
----
1


query B
SELECT parse_json('"false"')::boolean
----
0


statement error 1006
SELECT parse_json('"test"')::boolean


statement error 1006
SELECT to_variant(1)::boolean


query T
SELECT parse_json('null')::boolean
----
NULL

query I
SELECT to_variant(255)::uint8
----
255

query I
SELECT to_variant(65535)::uint16
----
65535

query I
SELECT to_variant(4294967295)::uint32
----
4294967295

query I
SELECT to_variant(18446744073709551615)::uint64
----
18446744073709551615

query I
SELECT to_variant(-128)::int8
----
-128

query I
SELECT to_variant(127)::int8
----
127

query I
SELECT to_variant(-32768)::int16
----
-32768

query I
SELECT to_variant(32767)::int16
----
32767

query I
SELECT to_variant(-2147483648)::int32
----
-2147483648

query I
SELECT to_variant(2147483647)::int32
----
2147483647

query I
SELECT to_variant(-9223372036854775808)::int64
----
-9223372036854775808

query I
SELECT to_variant(9223372036854775807)::int64
----
9223372036854775807

query I
SELECT parse_json('"255"')::uint8
----
255

query I
SELECT parse_json('"65535"')::uint16
----
65535

query I
SELECT parse_json('"4294967295"')::uint32
----
4294967295

query I
SELECT parse_json('"18446744073709551615"')::uint64
----
18446744073709551615

query I
SELECT parse_json('"-128"')::int8
----
-128

query I
SELECT parse_json('"127"')::int8
----
127

query I
SELECT parse_json('"-32768"')::int16
----
-32768

query I
SELECT parse_json('"32767"')::int16
----
32767

query I
SELECT parse_json('"-2147483648"')::int32
----
-2147483648

query I
SELECT parse_json('"2147483647"')::int32
----
2147483647

query I
SELECT parse_json('"-9223372036854775808"')::int64
----
-9223372036854775808

query I
SELECT parse_json('"9223372036854775807"')::int64
----
9223372036854775807


statement error 1006
SELECT parse_json('"test"')::uint64


statement error 1006
SELECT parse_json('"test"')::int64


query T
SELECT parse_json('null')::int64
----
NULL

query F
SELECT to_variant(12.34)::float32
----
12.34

query F
SELECT to_variant(1234.5678)::float64
----
1234.5678

query F
SELECT parse_json('"12.34"')::float32
----
12.34

query F
SELECT parse_json('"1234.5678"')::float64
----
1234.5678


statement error 1006
SELECT parse_json('"test"')::float32


statement error 1006
SELECT parse_json('"test"')::float64


query T
SELECT parse_json('null')::float64
----
NULL

query T
SELECT parse_json('"2022-01-01"')::date
----
2022-01-01

query T
SELECT parse_json('"2022-01-01 01:01:01"')::datetime
----
2022-01-01 01:01:01.000000


statement error 1006
SELECT parse_json('"test"')::date


statement error 1006
SELECT parse_json('"test"')::datetime


query T
SELECT parse_json('null')::datetime
----
NULL

query T
SELECT as_array(parse_json('[1,2,3]'))
----
[1,2,3]

query T
SELECT as_array(to_variant(1))
----
NULL

query T
SELECT as_array(parse_json('"ab"'))
----
NULL


query T
SELECT as_array(parse_json('null'))
----
NULL

query I
SELECT count(distinct a) FROM (SELECT rand()::string AS a FROM numbers(10))
----
10

query T
SELECT to_variant(to_bitmap('100,200,300'));
----
[100,200,300]

statement error 1006
SELECT 'abc'::variant

query T
SELECT '{"k":"v"}'::variant
----
{"k":"v"}

query T
SELECT to_variant('abc')
----
"abc"

query T
SELECT to_variant('{"k":"v"}')
----
"{\"k\":\"v\"}"

statement ok
drop table if exists t

statement ok
create table t(position int, trim int, substring int)

statement ok
insert into t values(3,3,3)

query TTT
select cast(position as String), cast(trim as String), cast(substring as String) from t;
----
3 3 3

query TTT
select '[1,2,"3"]'::Variant a, a::Array(Variant) b, b::Variant = a;
----
[1,2,"3"] ['1','2','"3"'] 1

query TTT
select '{"k1":"v1","k2":"v2"}'::Variant a, a::Map(String, String) b, b::Variant = a;
----
{"k1":"v1","k2":"v2"} {'k1':'v1','k2':'v2'} 1

query TTT
select '{"a":1,"b":2}'::Variant a, a::Map(String, Int) b, b::Variant = a;
----
{"a":1,"b":2} {'a':1,'b':2} 1

query TTT
select to_jsonb_binary(parse_json('{"data":"bend","test":100}')), to_jsonb_binary(parse_json('[1,2,3]')), to_jsonb_binary(parse_json('100'));
----
4000000210000004100000041000000420000002646174617465737462656E645064 80000003200000022000000220000002500150025003 20000000200000025064

query TT
SELECT to_binary(to_bitmap('100,200,300')), to_binary(to_bitmap('1,2,3,4,5'));
----
0100000000000000000000003A3000000100000000000200100000006400C8002C01 0100000000000000000000003A30000001000000000004001000000001000200030004000500

query TT
SELECT to_binary(st_geometryfromwkt('SRID=4326;POINT(1.0 2.0)')), to_binary(st_geometryfromwkt('SRID=4326;LINESTRING(1.0 2.0, 3.0 4.0, 10.1 11.2)'));
----
0101000020E6100000000000000000F03F0000000000000040 0102000020E610000003000000000000000000F03F00000000000000400000000000000840000000000000104033333333333324406666666666662640

query TT
SELECT to_binary(st_geographyfromewkt('SRID=4326;POINT(-122.35 37.55)')), to_binary(st_geographyfromewkt('SRID=4326;LINESTRING(-122.35 37.5, -151.55 39.25)'));
----
0101000020E61000006666666666965EC06666666666C64240 0102000020E6100000020000006666666666965EC00000000000C042409A99999999F162C00000000000A04340

statement ok
drop table t
