# regexp_extract(string, pattern[, group = 0])
statement ok
CREATE OR REPLACE TABLE regex_test (
    id INT,
    text_string STRING NOT NULL,
    pattern STRING NOT NULL,
    group_index UINT32
);

statement ok
INSERT INTO regex_test VALUES
    (1, 'John Doe, age 30', '[A-Za-z]+', 0),
    (2, 'Email: test@example.com', '([A-Za-z0-9._%+-]+)@([A-Za-z0-9.-]+)\\.([A-Za-z]{2,})', 1),
    (3, 'Phone: +1 (123) 456-7890', '\\+(\\d+)\\s*\\((\\d+)\\)\\s*(\\d+)-(\\d+)', 2),
    (4, 'Date: 2023-05-15', '(\\d{4})-(\\d{2})-(\\d{2})', 0),
    (5, 'Color codes: #FF0000, #00FF00, #0000FF', '#([A-Fa-f0-9]{6})', 1),
    (6, 'No match here', '\\d+', 0);

query IT rowsort
SELECT id, regexp_extract(text_string, pattern, group_index) FROM regex_test;
----
1 John
2 test
3 123
4 2023-05-15
5 FF0000
6 (empty)

query T
select regexp_extract('foo-bar-baz', '([a-z]+)-([a-z]+)-([a-z]+)', 0)
----
foo-bar-baz

query T
select regexp_extract('foo-bar-baz', '([a-z]+)-([a-z]+)-([a-z]+)', 1)
----
foo

query T
select regexp_extract('foo-bar-baz', '([a-z]+)-([a-z]+)-([a-z]+)', 2)
----
bar

query T
select regexp_extract('foo-bar-baz', '([a-z]+)-([a-z]+)-([a-z]+)', 3)
----
baz

query B
select regexp_extract('foo-bar-baz', '([0-9]+)', 1) is null
----
0

query T
select regexp_extract('', '([a-z]*)', 0)
----
(empty)

query B
select regexp_extract('FOO-BAR', '([a-z]+)-([a-z]+)', 1) is null
----
0

query T
select regexp_extract('2023-04-15', '(\d{4})-(\d{2})-(\d{2})', 1)
----
2023

query T
select regexp_extract('John Doe, Age: 30', '([A-Za-z]+) ([A-Za-z]+), Age: (\d+)', 3)
----
30

query T
select regexp_extract('color: #FF0000', 'color: #(?P<red>[0-9A-F]{2})(?P<green>[0-9A-F]{2})(?P<blue>[0-9A-F]{2})', 1)
----
FF

query T
select regexp_extract('foo-bar-baz', '([a-z]+)-([a-z]+)-([a-z]+)', 4)
----
(empty)

statement error
select regexp_extract('foo-bar-baz', '([a-z]+)-([a-z]+)-([a-z]+)', 10)

# regexp_extract_all(string, regex[, group = 0])
query I? rowsort
SELECT id, regexp_extract_all(text_string, pattern, group_index) FROM regex_test;
----
1 ["John","Doe","age"]
2 ["test"]
3 ["123"]
4 ["2023-05-15"]
5 ["FF0000","00FF00","0000FF"]
6 []

query ?
select regexp_extract_all('2023-04-15 2024-05-20', '(\d{4})-(\d{2})-(\d{2})', 0)
----
["2023-04-15","2024-05-20"]

query ?
select regexp_extract_all('John 30, Jane 25', '(\w+) (\d+)', 1)
----
["John","Jane"]

query ?
select regexp_extract_all('A1 B2 C3', '([A-Z])(\d)', 2)
----
["1","2","3"]

query ?
select regexp_extract_all('no numbers here', '(\d+)', 0)
----
[]

query ?
select regexp_extract_all('', '(\d+)', 0)
----
[]

query ?
select regexp_extract_all('Order-123-456 Order-789-012', 'Order-(\d+)-(\d+)', 2)
----
["456","012"]

query ?
select regexp_extract_all('img.jpg readme', '(\w+)(?:\.(\w+))?', 2)
----
["jpg",""]

statement error
select regexp_extract_all('A1 B2 C3', '([A-Z])(\d)', 3)

statement error
select regexp_extract_all('A1 B2 C3', '([A-Z])(\d)', 10)

statement ok
DROP TABLE regex_test;

# regexp_extract(string, pattern, name_list)
statement ok
CREATE OR REPLACE TABLE regex_test_1 (
    id INTEGER,
    input_string VARCHAR
);

statement ok
INSERT INTO regex_test_1 VALUES (1, '2023-04-15'), (2, '192.168.1.1'), (3, 'hello_world_rust'), (4, 'no-match-here'), (5, '');

query I?
SELECT id, regexp_extract(input_string, '(\d+)-(\d+)-(\d+)', ['y', 'm', 'd']) AS extracted_date
FROM regex_test_1 WHERE id = 1;
----
1 {"y":"2023","m":"04","d":"15"}

query I?
SELECT id, regexp_extract(input_string, '(\d+)\.(\d+)\.(\d+)\.(\d+)', ['octet1', 'octet2', 'octet3', 'octet4']) AS extracted_ip
FROM regex_test_1 WHERE id = 2;
----
2 {"octet1":"192","octet2":"168","octet3":"1","octet4":"1"}

query I?
SELECT id, regexp_extract(input_string, '(\w+)_(\w+)_(\w+)', ['part1', 'part2', 'part3']) AS extracted_parts
FROM regex_test_1 WHERE id = 3;
----
3 {"part1":"hello","part2":"world","part3":"rust"}

query I?
SELECT id, regexp_extract(input_string, '(\d+)-(\d+)-(\d+)', ['x', 'y', 'z']) AS no_match
FROM regex_test_1 WHERE id = 4;
----
4 {"x":"","y":"","z":""}

query I?
SELECT id, regexp_extract(input_string, '(\d+)-(\d+)-(\d+)', ['a', 'b', 'c']) AS empty_string_result
FROM regex_test_1 WHERE id = 5;
----
5 {"a":"","b":"","c":""}

query ?
select regexp_extract('2023-04-15', '(\d+)-(\d+)-(\d+)', ['y', 'm', 'd']);
----
{"y":"2023","m":"04","d":"15"}

query ?
SELECT regexp_extract('192.168.1.1', '(\d+)\.(\d+)\.(\d+)\.(\d+)', ['octet1', 'octet2', 'octet3', 'octet4']);
----
{"octet1":"192","octet2":"168","octet3":"1","octet4":"1"}

query ?
SELECT regexp_extract('hello_world_rust', '(\w+)_([\w]+)_(\w+)', ['part1', 'part2', 'part3']);
----
{"part1":"hello","part2":"world","part3":"rust"}

query ?
SELECT regexp_extract('no-match-here', '(\d+)-(\d+)-(\d+)', ['x', 'y', 'z']);
----
{"x":"","y":"","z":""}

query ?
SELECT regexp_extract('', '(\d+)-(\d+)-(\d+)', ['a', 'b', 'c']);
----
{"a":"","b":"","c":""}

query ?
select regexp_extract('2023-04-15', '(\d+)-(\d+)-(\d+)', ['y', 'm']);
----
{"y":"2023","m":"04"}

statement error
select regexp_extract('2023-04-15', '(\d+)-(\d+)', ['y', 'm', 'd']);

statement ok
DROP TABLE regex_test_1;
