statement ok
drop table if exists math_sample_numbers all

statement ok
CREATE TABLE math_sample_numbers (timestamp UInt32, value Int32) Engine = Fuse

statement ok
INSERT INTO math_sample_numbers VALUES ('1', '-1'), ('2', '-2'), ('3', '3')

query F
SELECT 'inf'::float
----
Infinity

query F
SELECT '-inf'::float
----
-Infinity

query F
SELECT 'nan'::float
----
NaN

query F
SELECT pi()
----
3.141592653589793

query I
SELECT abs(-1)
----
1

query I
SELECT abs(-10086)
----
10086



query T
SELECT abs(NULL)
----
NULL

query I
SELECT abs(value) FROM math_sample_numbers
----
1
2
3

query I
SELECT abs(value) + abs(-1) FROM math_sample_numbers
----
2
3
4

statement ok
DROP TABLE math_sample_numbers

statement ok
drop table if exists math_log_numbers

statement ok
CREATE TABLE math_log_numbers (a Float null, b Float null) Engine = Fuse

statement ok
INSERT INTO math_log_numbers VALUES (2.0, 1024.0), (NULL, 12), (12, NULL)

query T
SELECT log(NULL)
----
NULL

query T
SELECT log(NULL, NULL)
----
NULL

query T
SELECT log(1, NULL)
----
NULL

query T
SELECT log(NULL, 1)
----
NULL

query F
SELECT log(10, 100)
----
2.0

query T
SELECT ln(NULL)
----
NULL

query F
SELECT log(1, 2)
----
Infinity

query T
SELECT log10(NULL)
----
NULL

query F
SELECT log10(100)
----
2.0

query F
SELECT log2(2)
----
1.0

query F
SELECT log(a, b) FROM math_log_numbers
----
10.0
NULL
NULL

statement ok
DROP TABLE math_log_numbers

query I
SELECT mod(234, 10)
----
4

query I
SELECT mod(29, 9)
----
2

query F
SELECT mod(34.5, 3)
----
1.5

query T
SELECT exp(NULL)
----
NULL

query F
SELECT exp(2), exp('2')
----
7.38905609893065 7.38905609893065


query F
SELECT sin(0)
----
0.0

query F
SELECT cos(0)
----
1.0

query F
SELECT tan(0)
----
0.0

query F
SELECT tan(pi()/4)
----
0.9999999999999999

query F
SELECT cot(0)
----
Infinity

query F
SELECT cot(pi()/4)
----
1.0000000000000002

query F
SELECT asin(0.2)
----
0.2013579207903308

query F
SELECT asin(1.1)
----
NaN

query F
SELECT acos(1)
----
0.0

query F
SELECT acos(1.0001)
----
NaN

query F
SELECT atan(1)
----
0.7853981633974483

query F
SELECT atan(-1)
----
-0.7853981633974483

query F
SELECT atan2(-2, 2)
----
-0.7853981633974483


query F
SELECT atan2(pi(), 0)
----
1.5707963267948966

query T
SELECT atan2(-2, NULL)
----
NULL

query T
SELECT atan2(NULL, 2)
----
NULL

query T
SELECT atan2(NULL, NULL)
----
NULL

query T
SELECT atan2(NULL, number) from numbers(2)
----
NULL
NULL

query T
SELECT atan2(number, NULL) from numbers(2)
----
NULL
NULL

query F
SELECT sqrt(4)
----
2.0

query F
SELECT sqrt(0)
----
0.0

query F
SELECT sqrt(-4)
----
NaN

query F
SELECT cbrt(0)
----
0.0

query F
SELECT cbrt(-64)
----
-4.0

statement error 1006
SELECT sqrt('a')

query F
SELECT pow(2, 2)
----
4.0

query F
SELECT pow(-2, 2)
----
4.0

query F
SELECT pow(2, -2)
----
0.25

query T
SELECT pow(NULL, 2)
----
NULL

query T
SELECT pow(2, NULL)
----
NULL

query T
SELECT pow(NULL, number) from numbers(2)
----
NULL
NULL

query T
SELECT pow(number, NULL) from numbers(2)
----
NULL
NULL

query T
SELECT factorial(3)
----
6

query T
SELECT factorial(5)
----
120

statement error 1006
SELECT factorial(30)


statement error 1006
SELECT pow('a', 2)


statement error 1006
SELECT pow(2, 'a')


statement error 1006
SELECT abs('-233.0')


statement error 1006
SELECT abs('blah')


statement error 1065
SELECT abs(TRUE)


query I
select abs(-9223372036854775808)
----
9223372036854775808

query IIIIII
SELECT floor(123.45), floor(-123.45), floor(0.0), floor(123456789.123), floor(-123456789.123), floor(123456.7891)
----
123 -124 0 123456789 -123456790 123456

query IIIIII
SELECT ceil(123.45), ceil(-123.45), ceil(0.0), ceil(123456789.123), ceil(-123456789.123), ceil(123456.7891)
----
124 -123 0 123456790 -123456789 123457


query FFFFFFFFFF
SELECT truncate(123.4567, 2), truncate(-123.4567, 2), truncate(123.4567, 0), truncate(123.456789123, 6), truncate(0.0, 2), truncate(123456789.123, 2), truncate(-123456789.123, 2), truncate(123456.7891, 1), truncate(123456789012345.12345, 3), truncate(123.45, -1)
----
123.45 -123.45 123 123.456789 0.0 123456789.12 -123456789.12 123456.7 123456789012345.123 120


query FFFFFFFFFF
SELECT round(123.4567, 2), round(-123.4567, 2), round(123.455, 2), round(123.445, 2), round(123.456789123, 6), round(0.0, 2), round(123456789.123, 2), round(-123456789.123, 2), round(123456.7891, 1), round(123456.789, -2), round(-123456.789, -3), round(123456789012345.12345, 3)
----
123.46 -123.46 123.46 123.45 123.456789 0.0 123456789.12 -123456789.12 123456.8 123500 -123000 123456789012345.123


query FFF
SELECT
    (POW(FLOOR(ABS(9876.54321) * 10000), 2) % 18446744073709551615) a,
    (FLOOR(EXP(SQRT(1234.56789)) * 10000) % 18446744073709551615) b,
    (FLOOR(PI() * 10000) % 18446744073709551615) c, a + b - c
----
9.754610558146624e15 1.817827108747062e19 31415.0 1.8188025698028737e19


query F
SELECT power(-2, 2)
----
4.0

query F
SELECT power(2, -2)
----
0.25

query T
SELECT power(NULL, 2)
----
NULL

query T
SELECT power(2, NULL)
----
NULL

query T
SELECT power(NULL, number) from numbers(2)
----
NULL
NULL

query T
SELECT power(number, NULL) from numbers(2)
----
NULL
NULL

statement error 1006
SELECT power('a', 2)

statement error 1006
SELECT power(2, 'a')

query FFF
SELECT
    (POWER(FLOOR(ABS(9876.54321) * 10000), 2) % 18446744073709551615) a,
    (FLOOR(EXP(SQRT(1234.56789)) * 10000) % 18446744073709551615) b,
    (FLOOR(PI() * 10000) % 18446744073709551615) c, a + b - c
----
9.754610558146624e15 1.817827108747062e19 31415.0 1.8188025698028737e19

query T
SELECT TRUNC(10.6);
----
10

query T
SELECT TRUNC(1.234, 2);
----
1.23

query T
SELECT TRUNC(150.45,-2);
----
100
