statement ok
set max_block_size = 3

query T
SELECT CASE WHEN number > 3 THEN [{}, {}, {}] WHEN number > 5 THEN [{}] END FROM numbers(10) order by number;
----
NULL
NULL
NULL
NULL
[{},{},{}]
[{},{},{}]
[{},{},{}]
[{},{},{}]
[{},{},{}]
[{},{},{}]

query T
select [{}] from numbers(3)
----
[{}]
[{}]
[{}]

query B
select if(number>1, true, false) from numbers(3) order by number
----
0
0
1


query I
select if(number>1, number, 1) from numbers(3) order by number
----
1
1
2

query I
select if(number<1, 2, number) from numbers(3) order by number
----
2
1
2

query T
select if(number>0, 'Z+', 'zero') from numbers(3) order by number
----
zero
Z+
Z+

query B
select if(number<1, true, null) from numbers(3) order by number
----
1
NULL
NULL

query R
select if(number<4, number, number / 0) from numbers(3) order by number
----
0.0
1.0
2.0

query R
select if(number>4, number / 0, number) from numbers(3) order by number
----
0.0
1.0
2.0

statement error 1006
select if(number<4, number / 0, number) from numbers(3) order by number

query R
select if (number > 0, 1 / number, null) from numbers(2);
----
NULL
1.0


query T
select typeof(if(number % 3 = 0, to_uint32(number), to_int64(number))) from numbers(10) limit 1
----
BIGINT

query T
select typeof(if(number % 3 = 0, to_uint32(number), to_float32(number))) from numbers(10) limit 1
----
DOUBLE

query I
SELECT if (number % 3 = 1, null, number) as a FROM numbers(7) order by number
----
0
NULL
2
3
NULL
5
6

query T
SELECT 'multi-if'
----
multi-if

statement error 1065
select if(number = 4, 3) from numbers(1)

statement error 1065
select if(number = 1, 1, 2, 3) from numbers(1)

query R
select if(number = 1, number, number = 0, number, number / 0) from numbers(1)
----
0.0

query R
select if (number > 0, 1 / number, null) from numbers(2);
----
NULL
1.0

query T
select if(number = 4, 3::VARIANT, number = 5, null, number = 6, '"a"'::VARIANT, null) from numbers(10) order by number
----
NULL
NULL
NULL
NULL
3
NULL
"a"
NULL
NULL
NULL

statement error 1065
select if(number = 4, 3, number = 2, 4) from numbers(1)

query IIII
select count_if(a = '1'), count_if(a = '2'), count_if(a = '3'), count_if(a is null) from (	SELECT if (number % 4 = 1, '1', number % 4 = 2, '2', number % 4 = 3, '3', null) as a FROM numbers(100))
----
25 25 25 25

query T
SELECT 'constant'
----
constant

query ?I
select if(true, null, number), if(false, null, number) from numbers(1)
----
NULL 0

query I?
select if(true, number, null), if(false, number, null) from numbers(1)
----
0 NULL

statement ok
CREATE or replace TABLE t (a int);

statement ok
INSERT INTO t (a) VALUES
    (1),
    (2),
    (NULL),
    (4);

query III
select a, a*2, if(a=1, a*2, a*3) from t
----
1 2 2
2 4 6
NULL NULL NULL
4 8 12

query IT
select a, decode(a, 1, 'one',
	2, 'two',
	NULL, '-NULL-',
	'other'
) AS decode_result from t
----
1 one
2 two
NULL -NULL-
4 other

statement ok
drop table t
