

query I
SELECT IFNULL(1, 1)
----
1

query I
SELECT IFNULL(2, 1)
----
2

query I
SELECT IFNULL(1, 2), IFNULL(null), NVL(NULL)
----
1 NULL NULL

query I
SELECT IFNULL(1, NULL)
----
1

query I
SELECT IFNULL(NULL, 1)
----
1

query T
SELECT IFNULL('a', 'a')
----
a

query T
SELECT IFNULL('a', 'b')
----
a

query T
SELECT IFNULL('b', 'a')
----
b

query T
SELECT IFNULL('a', NULL)
----
a

query T
SELECT IFNULL(NULL, 'a')
----
a

query T
SELECT IFNULL(NULL, NULL)
----
NULL

statement ok
CREATE TABLE IF NOT EXISTS t(a INT, b INT) ENGINE=Memory

statement ok
INSERT INTO t VALUES(0, 0), (0, 1), (1, 0), (1, 1)

query III
SELECT a, b, IFNULL(a, b) FROM t
----
0 0 0
0 1 0
1 0 1
1 1 1

statement ok
DROP TABLE t

statement ok
CREATE TABLE IF NOT EXISTS t(a INT NULL, b INT NULL) ENGINE=Memory

statement ok
INSERT INTO t VALUES (0, NULL), (1, NULL), (NULL, 0), (NULL, 1), (NULL, NULL)

query III
SELECT a, b, IFNULL(a, b) FROM t
----
0 NULL 0
1 NULL 1
NULL 0 0
NULL 1 1
NULL NULL NULL

statement ok
DROP TABLE t

