statement ok
DROP DATABASE IF EXISTS map_func_test

statement ok
CREATE DATABASE IF NOT EXISTS map_func_test

statement ok
USE map_func_test

query TT
select map_keys({}), map_values({})
----
[] []

query I
select map_size({})
----
0

query TT
select map_keys({'k1':1,'k2':2,'k3':null}), map_values({'k1':1,'k2':2,'k3':null})
----
["k1","k2","k3"] [1,2,NULL]

statement ok
create table t(col1 Map(String, String Null) Not Null, col2 Map(String, Int Null) Null)

statement ok
insert into t values({'k1':'v1','k2':'v2','k3':null},{'a':10,'b':20}), ({'k5':'v5','k6':'v6'}, {'d':40,'e':null,'f':50}), ({}, null)

query TT
select map_keys(col1), map_keys(col2) from t
----
["k1","k2","k3"] ["a","b"]
["k5","k6"] ["d","e","f"]
[] NULL

query II
select map_size(col1), map_size(col2) from t
----
3 2
2 3
0 NULL

query TT
select map_values(col1), map_values(col2) from t
----
["v1","v2",NULL] [10,20]
["v5","v6"] [40,NULL,50]
[] NULL

statement ok
drop table if exists map_cat_test all

statement ok
CREATE TABLE map_cat_test(s_no Int, p_prof_name Map(String, String) Not Null, p_prof_dob Map(String, String) Not Null);

statement ok
INSERT INTO map_cat_test VALUES (1, {'name_r11': 'John Smith', 'name_r12': 'Emily Johnson'}, {'dob_11': '1988-07-12', 'dob_12': '1995-03-21'}),
(2, {'name_r21': 'Michael Brown', 'name_22': 'Sarah Davis'}, {'dob_21': '1978-08-17', 'dob_22': '1989-07-19'}),
(3, {'name_r31': 'David Wilson', 'name_32': 'white rose'}, {'dob_31': '1998-09-02', 'dob_32': '1992-05-18'});

query ???
SELECT * FROM map_cat_test LIMIT 3;
----
1 {"name_r11":"John Smith","name_r12":"Emily Johnson"} {"dob_11":"1988-07-12","dob_12":"1995-03-21"}
2 {"name_r21":"Michael Brown","name_22":"Sarah Davis"} {"dob_21":"1978-08-17","dob_22":"1989-07-19"}
3 {"name_r31":"David Wilson","name_32":"white rose"} {"dob_31":"1998-09-02","dob_32":"1992-05-18"}

query ??
SELECT
  s_no,
  MAP_CAT(p_prof_name, p_prof_dob) AS concatenated_map
FROM
  map_cat_test;
----
1 {"name_r11":"John Smith","name_r12":"Emily Johnson","dob_11":"1988-07-12","dob_12":"1995-03-21"}
2 {"name_r21":"Michael Brown","name_22":"Sarah Davis","dob_21":"1978-08-17","dob_22":"1989-07-19"}
3 {"name_r31":"David Wilson","name_32":"white rose","dob_31":"1998-09-02","dob_32":"1992-05-18"}

# Test empty maps
query ?
SELECT MAP_CAT({}, {})
----
{}

query ?
SELECT MAP_CAT({}, {'k1': 'v1'})
----
{"k1":"v1"}

query ?
SELECT MAP_CAT({'k1': 'v1'}, {})
----
{"k1":"v1"}

# Test deduplication
query ?
SELECT MAP_CAT({'k1': 'v1', 'k2': 'v2'}, {'k1': 'abc'})
----
{"k1":"abc","k2":"v2"}

# Test different map sizes
query ?
SELECT MAP_CAT({'k1': 'v1', 'k2': 'v2'}, {'k3': 'v3'})
----
{"k1":"v1","k2":"v2","k3":"v3"}

query ?
SELECT MAP_CAT({'k1': 'v1'}, {'k2': 'v2', 'k3': 'v3'})
----
{"k1":"v1","k2":"v2","k3":"v3"}

# Test NULL values
query ?
SELECT MAP_CAT({'k1': 'v1', 'k2': NULL}, {'k2': 'v2', 'k3': NULL})
----
{"k1":"v1","k2":"v2","k3":NULL}

# Test nested maps
query ?
SELECT MAP_CAT(
  {'k1': {'nk1': 'nv1'}, 'k2': {'nk2': 'nv2'}},
  {'k2': {'nk3': 'nv3'}, 'k3': {'nk4': 'nv4'}}
)
----
{"k1":{"nk1":"nv1"},"k2":{"nk3":"nv3"},"k3":{"nk4":"nv4"}}

query ?
SELECT MAP_CAT(
  {'k1': {'nk1': 'nv1'}, 'k2': {'nk2': 'nv2'}},
  {'k3': {'nk1': 'new_nv1'}, 'k4': {'nk3': 'nv3'}}
)
----
{"k1":{"nk1":"nv1"},"k2":{"nk2":"nv2"},"k3":{"nk1":"new_nv1"},"k4":{"nk3":"nv3"}}

# Deleting keys from a map literal
query ?
SELECT MAP_DELETE(
  {'k1': 'v1', 'k2': 'v2', 'k3': 'v3', 'k4': 'v4'}, 
  'k3', 'k2'
)
----
{"k1":"v1","k4":"v4"}

query ?
SELECT MAP_DELETE({'k1': 'v1', 'k2': 'v2', 'k3': 'v3', 'k4': 'v4'}, ['k3', 'k2', 'k10'])
----
{"k1":"v1","k4":"v4"}

query ?
SELECT MAP_DELETE({}, 'k1', 'k2')
----
{}

# Deleting keys from a nested map
statement ok
drop table if exists map_delete_test all

statement ok
CREATE TABLE map_delete_test(src_map Map(String, String) Not Null);

statement ok
INSERT INTO map_delete_test VALUES ({'a_k1': 'aaa1', 'b_k1': 'bbb1'}),
({'a_k2': 'aaa2', 'b_k2': 'bbb2'}),
({'a_k3': 'aaa3', 'b_k3': 'bbb3'});

query ?
SELECT * FROM map_delete_test LIMIT 3;
----
{"a_k1":"aaa1","b_k1":"bbb1"}
{"a_k2":"aaa2","b_k2":"bbb2"}
{"a_k3":"aaa3","b_k3":"bbb3"}

query ?
SELECT 
  MAP_DELETE(src_map, 'a_k2', 'b_k3')
FROM
  map_delete_test;
----
{"a_k1":"aaa1","b_k1":"bbb1"}
{"b_k2":"bbb2"}
{"a_k3":"aaa3"}

# Deleting all keys from a map
query ?
SELECT MAP_DELETE( {'k1': 'v1', 'k2': 'v2', 'k3': 'v3'}, 'k1', 'k2', 'k3' )
----
{}

# Deleting keys from a map with duplicate keys
query ?
SELECT MAP_DELETE( {'k1': 'v1', 'k2': 'v2', 'k3': 'v3'}, 'k1', 'k1' )
----
{"k2":"v2","k3":"v3"}

# Deleting non-existent keys
query ?
SELECT MAP_DELETE( {'k1': 'v1', 'k2': 'v2'}, 'k3', 'k4' )
----
{"k1":"v1","k2":"v2"}

# Test map_contains_key function
statement ok
CREATE TABLE map_contains_test(col_str Map(String, String Null) Not Null, col_int Map(String, Int Null) Null)

statement ok
INSERT INTO map_contains_test VALUES ({'k1':'v1','k2':'v2','k3':null},{'a':10,'b':20}), ({'k5':'v5','k6':'v6'}, {'d':40,'e':null,'f':50}), ({}, null)

query BBB
select map_contains_key(col_str, 'k1'), map_contains_key(col_str, 'k2'), map_contains_key(col_int, 'a') from map_contains_test
----
1 1 1
0 0 0
0 0 NULL

# Test empty map
query ?
SELECT map_contains_key({}, 'k1')
----
0

# Test non-existent key
query ?
SELECT map_contains_key({'k1': 'v1', 'k2': 'v2'}, 'k3')
----
0

# Test NULL value
query ?
SELECT map_contains_key({'k1': 'v1', 'k2': NULL}, 'k2')
----
1

# Test map_pick function
query ?
SELECT map_pick({'k1': 'v1', 'k2': 'v2', 'k3': null}, 'k1', 'k3')
----
{"k1":"v1","k3":NULL}

query ?
SELECT map_pick({'k1': 'v1', 'k2': 'v2', 'k3': null}, ['k1', 'k3', 'k10'])
----
{"k1":"v1","k3":NULL}

query ?
SELECT map_pick({'k1': 'v1', 'k2': 'v2', 'k3': null}, '')
----
{}

query ?
SELECT map_pick({'k1': 'v1', 'k2': 'v2', 'k3': null}, [])
----
{}

query ?
SELECT map_pick({}, 1, 2)
----
{}

statement ok
DROP TABLE IF EXISTS map_pick_test

statement ok
CREATE TABLE map_pick_test(col_str Map(String, String Null) Not Null, col_int Map(String, Int Null) Null)

statement ok
INSERT INTO map_pick_test VALUES ({'k1':'v1','k2':'v2','k3':null},{'a':10,'b':20}), ({'k5':'v5','k6':'v6'}, {'d':40,'e':null,'f':50})

query ??
SELECT map_pick(col_str, 'k1', 'k3'), map_pick(col_int, ['a', 'e', 'x']) FROM map_pick_test
----
{"k1":"v1","k3":NULL} {"a":10}
{} {"e":NULL}

query ?
SELECT map_insert({'k1': 'v1', 'k2': 'v2'}, 'k3', NULL)
----
{"k1":"v1","k2":"v2","k3":NULL}

statement error 1006
SELECT map_insert({'k1': 'v1', 'k2': 'v2'}, 'k1', 'new_v1')

query ?
SELECT map_insert({}, 'k1', 'v1')
----
{"k1":"v1"}

query ?
SELECT map_insert({'k1': 'v1', 'k2': 'v2'}, 'k2', 'v3', true)
----
{"k1":"v1","k2":"v3"}

statement error 1006
SELECT map_insert({'k1': 'v1', 'k2': 'v2'}, 'k2', 'v3', false)

statement ok
drop table if exists map_insert_test all

statement ok
CREATE TABLE map_insert_test(col_str Map(String, String Null) Not Null, col_int Map(String, Int Null) Null);

statement ok
INSERT INTO map_insert_test VALUES ({'k1':'v1','k2':'v2','k3':null},{'a':10,'b':20}), ({'k5':'v5','k6':'v6'}, {'d':40,'e':null,'f':50}), ({}, NULL);

query ??
SELECT map_insert(col_str, 'k1', 'k100', true), map_insert(col_int, 'c', 100, false) FROM map_insert_test;
----
{"k1":"k100","k2":"v2","k3":NULL} {"a":10,"b":20,"c":100}
{"k5":"v5","k6":"v6","k1":"k100"} {"d":40,"e":NULL,"f":50,"c":100}
{"k1":"k100"} {"c":100}

# Test map_filter
query T
SELECT map_filter({1:0,2:2,3:-1}, (k, v) -> k > v);
----
{1:0,3:-1}

query T
SELECT map_filter({1:1,2:null,3:3}, (k, v) -> k = v);
----
{1:1,3:3}

query T
SELECT map_filter({1:1,2:null,3:3}, (k, v) -> v IS NOT NULL);
----
{1:1,3:3}

statement error 1065
SELECT map_filter({1:1,2:null,3:3}, (k, v) -> k + 1);

# Test map_transform_keys
query T
SELECT map_transform_keys({1:1,2:2,3:3}, (k, v) -> k + 1);
----
{2:1,3:2,4:3}

query T
SELECT map_transform_keys({'a':1,'b':2,'c':3}, (k, v) -> v + 1);
----
{2:1,3:2,4:3}

query T
SELECT map_transform_keys({11:111,22:222,33:333}, (k, v) -> k * 2 + 1);
----
{23:111,45:222,67:333}

query T
SELECT map_transform_keys({11:111,22:222,33:333}, (k, v) -> k + v + 1);
----
{123:111,245:222,367:333}

statement error 1006
SELECT map_transform_keys({'a':1,'b':2,'c':'3'}, (k, v) -> k + 1);

# Test map_transform_values
query T
SELECT map_transform_values({1:1,2:2,3:3}, (k, v) -> v + 1);
----
{1:2,2:3,3:4}

query T
SELECT map_transform_values({1:'a',2:'b',3:'c'}, (k, v) -> k + 1);
----
{1:2,2:3,3:4}

query T
SELECT map_transform_values({11:111,22:222,33:333}, (k, v) -> v * 2 + 1);
----
{11:223,22:445,33:667}

query T
SELECT map_transform_values({11:111,22:222,33:333}, (k, v) -> k + v + 1);
----
{11:123,22:245,33:367} 

query T
SELECT map_transform_values({}, (k, v) -> k + v + 1);
----
{}

statement error 1006
SELECT map_transform_values({1:'a',2:'b','3':'c'}, (k, v) -> v + 1);

statement ok
drop table if exists map_lambda_test all

statement ok
CREATE TABLE map_lambda_test(col1 Map(Int, Int), col2 Map(String, String));

statement ok
INSERT INTO map_lambda_test VALUES ({1:1},{'k1':'v1','k2':'v2'}), ({2:1,1:2},{'data':'bend','space':'time'}), ({3:3},{});

query T
select map_filter(col1, (k, v) -> k = v) from map_lambda_test;
----
{1:1}
{}
{3:3}

query ?
select map_transform_keys(col1, (k, v) -> k + 1) from map_lambda_test;
----
{2:1}
{3:1,2:2}
{4:3}

statement error 1006
select map_transform_keys(col1, (k, v) -> k + v) from map_lambda_test;

query T
select map_transform_values(col1, (k, v) -> k + 1) from map_lambda_test;
----
{1:2}
{2:3,1:2}
{3:4}

query T
select map_transform_values(col2, (k, v) -> CONCAT(k, v)) from map_lambda_test;
----
{"k1":"k1v1","k2":"k2v2"}
{"data":"databend","space":"spacetime"}
{}

## json map functions

query T
select json_map_transform_keys({'data':'bend','a':'b'}::Variant, (k, v) -> CONCAT(k, v) );
----
{"ab":"b","databend":"bend"}

query TT
select json_map_transform_values(try_cast(col2 as Variant), (k, v) -> concat(k, v)), json_map_filter(try_cast(col2 as Variant), (k, v) -> k = 'data') from map_lambda_test;
----
{"k1":"k1v1","k2":"k2v2"} {}
{"data":"databend","space":"spacetime"} {"data":"bend"}
{} {}

statement ok
DROP DATABASE map_func_test

