query F
SELECT try_cast(1 + 1, Float64)
----
2.0

query I
SELECT try_cast(try_cast(1 + 1 + 1, String) AS Int8)
----
3

query I
SELECT try_cast(Null as Int64)
----
NULL

query T
SELECT try_cast(Null as Varchar)
----
NULL

query B
SELECT try_cast(Null as Boolean)
----
NULL

query B
SELECT try_cast('33' as signed) = 33
----
1

query B
SELECT try_cast('33' as unsigned) = 33
----
1


query B
SELECT try_cast('-33aa' as signed) is null
----
1

query B
SELECT try_cast('33 aa' as unsigned) is null
----
1


query B
SELECT try_cast('-33' as unsigned) is null
----
1


query B
SELECT try_cast('aa' as unsigned) is null
----
1


query B
SELECT try_cast('aa' as Float64) is null
----
1

query B
SELECT try_cast(parse_json('null') as float64) is null
----
1


query B
SELECT try_cast(parse_json('"test"') as int32) is null
----
1


query B
SELECT try_cast(parse_json('123') as int32)  = 123
----
1

query I
select  number / try_cast(if(number % 3 > 0, null, 2) as Int8) from numbers(3);
----
0.0
NULL
NULL

statement ok
DROP DATABASE IF EXISTS db1

statement ok
CREATE DATABASE db1

statement ok
USE db1

statement ok
CREATE TABLE IF NOT EXISTS t1(c1 varchar) Engine = Fuse

statement ok
INSERT INTO t1 VALUES('a')

query T
SELECT try_cast(get(try_parse_json(c1),'key1') as varchar) FROM t1
----
NULL

query TT
select  try_cast(number as timestamp), try_cast(number as timestamp null)  from numbers(1);
----
1970-01-01 00:00:00.000000 1970-01-01 00:00:00.000000

statement ok
create or replace table test(a int not null, b timestamp not null);

statement ok
insert into test values(1, '2024-01-01');

statement error
select * from test having try_cast(b as boolean);

statement error
select * from test having try_cast(try_cast(b as timestamp null) as boolean);

query TTT
select try_to_binary(parse_json('{"data":"bend","test":100}')), try_to_binary(parse_json('[1,2,3]')), try_to_binary(parse_json('100'));
----
4000000210000004100000041000000420000002646174617465737462656E645064 80000003200000022000000220000002500150025003 20000000200000025064

query TT
SELECT try_to_binary(to_bitmap('100,200,300')), try_to_binary(to_bitmap('1,2,3,4,5'));
----
0100000000000000000000003A3000000100000000000200100000006400C8002C01 0100000000000000000000003A30000001000000000004001000000001000200030004000500

query TT
SELECT try_to_binary(st_geometryfromwkt('SRID=4326;POINT(1.0 2.0)')), try_to_binary(st_geometryfromwkt('SRID=4326;LINESTRING(1.0 2.0, 3.0 4.0, 10.1 11.2)'));
----
0101000020E6100000000000000000F03F0000000000000040 0102000020E610000003000000000000000000F03F00000000000000400000000000000840000000000000104033333333333324406666666666662640

query TT
SELECT try_to_binary(st_geographyfromewkt('SRID=4326;POINT(-122.35 37.55)')), try_to_binary(st_geographyfromewkt('SRID=4326;LINESTRING(-122.35 37.5, -151.55 39.25)'));
----
0101000020E61000006666666666965EC06666666666C64240 0102000020E6100000020000006666666666965EC00000000000C042409A99999999F162C00000000000A04340

statement ok
DROP DATABASE db1