query T
SELECT REGEXP_REPLACE('a b c', '( ){1,}', '')
----
abc

query T
SELECT REGEXP_REPLACE('a b c', '( ){1,}', '', 1, 1)
----
ab c

query T
SELECT REGEXP_REPLACE('a b c', 'x', '', 1, 1)
----
a b c

query T
SELECT REGEXP_REPLACE('a b c', '( ){1,}', '', 6, 1)
----
a b c

query T
SELECT REGEXP_REPLACE('abc def ghi', '[a-z]+', 'X', 1, 3)
----
abc def X

query T
SELECT REGEXP_REPLACE('abc def ghi', '[a-z]+', 'X', 1, 4)
----
abc def ghi

query T
SELECT REGEXP_REPLACE('abc def GHI', '[a-z]+', 'X', 1, 3, 'i')
----
abc def X

query T
SELECT REGEXP_REPLACE('üç£üç£b', 'b', 'X')
----
üç£üç£X

query T
SELECT REGEXP_REPLACE('¬µ√•Âë®√ß–±Âë®Âë®', 'Âë®+', 'Âîê', 1, 2)
----
¬µ√•Âë®√ß–±Âîê

query T
SELECT REGEXP_REPLACE(NULL, 'b', 'X')
----
NULL

query T
SELECT REGEXP_REPLACE('a b c', NULL, 'X')
----
NULL

query T
SELECT REGEXP_REPLACE('a b c', 'b', NULL)
----
NULL

query T
SELECT REGEXP_REPLACE('a b c', 'b', 'X', NULL)
----
NULL

query T
select REGEXP_REPLACE('http://databend.com/reg', '^https?://(?:www\.)?([^/]+)/.*$', '$1');
----
databend.com

query T
select REGEXP_REPLACE('ID-123-ABC', '^(?<M>ID-)\d+(?<N>-.+)$', '${M}XXX$N');
----
ID-XXX-ABC

query T
select REGEXP_REPLACE('abc-123-abc',  '^([a-z]+)\-([1-9]+)\-[a-z]+', '$2+$1');
----
123+abc

query T
SELECT REGEXP_REPLACE('a b c', 'b', 'X', 1, NULL)
----
NULL

query T
SELECT REGEXP_REPLACE('a b c', 'b', 'X', 1, 2, NULL)
----
NULL

statement ok
DROP TABLE IF EXISTS t1

statement ok
CREATE TABLE t1(s String NULL, pat String NULL, repl String NULL, pos Int64 NULL, occu Int64 NULL, mt String NULL) Engine = Fuse

statement ok
-- INSERT INTO t1 (s, pat, repl, pos, occu, mt) VALUES (NULL, 'dog', '[a-z]+', 1, 1, ''), ('abc def ghi', NULL, 'X', 1, 1, 'c'), ('abc def ghi', '[a-z]+', NULL, 1, 1, 'c'), ('abc def ghi', '[a-z]+', 'X', NULL, 1, 'c'), ('abc def ghi', '[a-z]+', 'X', 1, NULL, 'c'), ('abc def ghi', '[a-z]+', 'X', 1, 1, NULL), ('abc def ghi', '[a-z]+', 'X', 1, 1, 'c')
INSERT INTO t1 (s, pat, repl, pos, occu, mt) VALUES (NULL, 'dog', '[a-z]+', 1, 1, ''), ('abc def ghi', NULL, 'X', 1, 1, 'c'), ('abc def ghi', '[a-z]+', NULL, 1, 1, 'c'), ('abc def ghi', '[a-z]+', 'X', 1, NULL, 'c'), ('abc def ghi', '[a-z]+', 'X', 1, 1, NULL), ('abc def ghi', '[a-z]+', 'X', 1, 1, 'c')

query T
SELECT s FROM t1 WHERE REGEXP_REPLACE(s, pat, repl, pos, occu, mt) = 'X def ghi'
----
abc def ghi

statement ok
DROP TABLE t1


statement error 1006
SELECT REGEXP_REPLACE('a b c', 'b', 'X', 0)


statement error 1006
SELECT REGEXP_REPLACE('a b c', 'b', 'X', 1, -1)


statement error 1006
SELECT REGEXP_REPLACE('a b c', 'b', 'X', 1, 0, '-i')
