query T
SELECT json_strip_nulls(parse_json('null'))
----
null

query T
SELECT json_strip_nulls(parse_json('true'))
----
true

query T
SELECT json_strip_nulls(parse_json('[1,2,3,null]'))
----
[1,2,3,null]

query T
SELECT json_strip_nulls(parse_json('{"a":1,"b":null,"c":{"a":1,"b":null},"d":[{"a":1,"b":null},{"a":2,"b":3}]}'))
----
{"a":1,"c":{"a":1},"d":[{"a":1},{"a":2,"b":3}]}

query T
SELECT json_typeof(parse_json(NULL))
----
NULL

query T
SELECT json_typeof(parse_json('null'))
----
null

query T
SELECT json_typeof(parse_json('true'))
----
boolean

query T
SELECT json_typeof(parse_json('"test"'))
----
string

query T
SELECT json_typeof(parse_json('-1.12'))
----
number

query T
SELECT json_typeof(parse_json('[1,2,3]'))
----
array

query T
SELECT json_typeof(parse_json('{"a":1,"b":2}'))
----
object

query T
SELECT json_array()
----
[]

query T
SELECT json_array(true, 1, 'str', [1,2], {'k':'v'}, null)
----
[true,1,"str",[1,2],{"k":"v"},null]

query T
SELECT json_object()
----
{}

query T
SELECT json_object('k1', 1, 'k2', 'str', 'k3', [1,2], 'k4', {'k':'v'}, 'k5', null)
----
{"k1":1,"k2":"str","k3":[1,2],"k4":{"k":"v"}}

statement error 1006
SELECT json_object('k1', 1, 'k2', 'str', 'k3')

query T
SELECT try_json_object('k1', 1, 'k2', 'str', 'k3', [1,2], 'k4', {'k':'v'}, 'k5', null)
----
{"k1":1,"k2":"str","k3":[1,2],"k4":{"k":"v"}}

query T
SELECT try_json_object('k1', 1, 'k2', 'str', 'k3')
----
NULL

query T
SELECT json_object_keep_null()
----
{}

query T
SELECT json_object_keep_null('k1', 1, 'k2', 'str', 'k3', [1,2], 'k4', {'k':'v'}, 'k5', null)
----
{"k1":1,"k2":"str","k3":[1,2],"k4":{"k":"v"},"k5":null}

statement error 1006
SELECT json_object_keep_null('k1', 1, 'k2', 'str', 'k3')

query T
SELECT try_json_object_keep_null('k1', 1, 'k2', 'str', 'k3', [1,2], 'k4', {'k':'v'}, 'k5', null)
----
{"k1":1,"k2":"str","k3":[1,2],"k4":{"k":"v"},"k5":null}

query T
SELECT try_json_object_keep_null('k1', 1, 'k2', 'str', 'k3')
----
NULL

statement ok
DROP TABLE IF EXISTS t1

statement ok
CREATE TABLE t1(id Int, tag String NULL)

statement ok
INSERT INTO t1(id, tag) VALUES(1, 'a'), (2, 'b'), (3, 'c'), (4, 'null'), (5, NULL)

query T
SELECT json_array(id, tag) FROM t1
----
[1,"a"]
[2,"b"]
[3,"c"]
[4,"null"]
[5,null]

query T
SELECT json_object('id', id, 'tag', tag) FROM t1
----
{"id":1,"tag":"a"}
{"id":2,"tag":"b"}
{"id":3,"tag":"c"}
{"id":4,"tag":"null"}
{"id":5}

query T
SELECT json_object_keep_null('id', id, 'tag', tag) FROM t1
----
{"id":1,"tag":"a"}
{"id":2,"tag":"b"}
{"id":3,"tag":"c"}
{"id":4,"tag":"null"}
{"id":5,"tag":null}

statement ok
DROP TABLE IF EXISTS t1

query T
SELECT json_path_exists(NULL, '$.a')
----
NULL

query T
SELECT json_path_exists(parse_json('{"a": 1, "b": 2}'), NULL)
----
NULL

query T
SELECT json_path_exists(parse_json('{"a": 1, "b": 2}'), '$.a')
----
1

query T
SELECT json_path_exists(parse_json('{"a": 1, "b": 2}'), '$.c')
----
0

query T
SELECT json_path_exists(parse_json('{"a": 1, "b": 2}'), '$.a ? (@ == 1)')
----
1

query T
SELECT json_path_exists(parse_json('{"a": 1, "b": 2}'), '$.a ? (@ > 1)')
----
0

query T
SELECT json_path_exists(parse_json('{"a": 1, "b": [1,2,3]}'), '$.b[0]')
----
1

query T
SELECT json_path_exists(parse_json('{"a": 1, "b": [1,2,3]}'), '$.b[3]')
----
0

query T
SELECT json_path_exists(parse_json('{"a": 1, "b": [1,2,3]}'), '$.b[1 to last] ? (@ >=2 && @ <=3)')
----
1

query T
SELECT NULL @? '$.a'
----
NULL

query T
SELECT parse_json('{"a": 1, "b": 2}') @? NULL
----
NULL

query T
SELECT parse_json('{"a": 1, "b": 2}') @? '$.a'
----
1

query T
SELECT parse_json('{"a": 1, "b": 2}') @? '$.c'
----
0

query T
SELECT parse_json('{"a": 1, "b": 2}') @? '$.a ? (@ == 1)'
----
1

query T
SELECT parse_json('{"a": 1, "b": 2}') @? '$.a ? (@ > 1)'
----
0

query T
SELECT parse_json('{"a": 1, "b": [1,2,3]}') @? '$.b[0]'
----
1

query T
SELECT parse_json('{"a": 1, "b": [1,2,3]}') @? '$.b[3]'
----
0

query T
SELECT parse_json('{"a": 1, "b": [1,2,3]}') @? '$.b[1 to last] ? (@ >=2 && @ <=3)'
----
1

query T 
SELECT json_path_match(parse_json('{"a":1,"b":2}'), '$.a == 1')
----
1

query T 
SELECT json_path_match(parse_json('{"a":1,"b":2}'), '$.a > 1')
----
0

query T 
SELECT json_path_match(parse_json('{"a":1,"b":2}'), '$.c > 0')
----
0

query T 
SELECT json_path_match(parse_json('{"a":1,"b":2}'), '$.b < 2')
----
0

query T 
SELECT json_path_match(parse_json('{"a":1,"b":[1,2,3]}'), '$.b[0] == 1')
----
1

query T 
SELECT json_path_match(parse_json('{"a":1,"b":[1,2,3]}'), '$.b[0] > 1')
----
0

query T 
SELECT json_path_match(parse_json('{"a":1,"b":[1,2,3]}'), '$.b[3] == 0')
----
0

query T 
SELECT json_path_match(parse_json('{"a":1,"b":[1,2,3]}'), '$.b[1 to last] >= 2')
----
1

query T 
SELECT json_path_match(parse_json('{"a":1,"b":[1,2,3]}'), '$.b[1 to last] == 2 || $.b[1 to last] == 3')
----
1

query T 
SELECT parse_json('{"a":1,"b":2}') @@ '$.a == 1'
----
1

query T 
SELECT parse_json('{"a":1,"b":2}') @@ '$.a > 1'
----
0

query T 
SELECT parse_json('{"a":1,"b":2}') @@ '$.c > 0'
----
0

query T 
SELECT parse_json('{"a":1,"b":2}') @@ '$.b < 2'
----
0

query T 
SELECT parse_json('{"a":1,"b":[1,2,3]}') @@ '$.b[0] == 1'
----
1

query T 
SELECT parse_json('{"a":1,"b":[1,2,3]}') @@ '$.b[0] > 1'
----
0

query T 
SELECT parse_json('{"a":1,"b":[1,2,3]}') @@ '$.b[3] == 0'
----
0

query T 
SELECT parse_json('{"a":1,"b":[1,2,3]}') @@ '$.b[1 to last] >= 2'
----
1

query T 
SELECT parse_json('{"a":1,"b":[1,2,3]}') @@ '$.b[1 to last] == 2 || $.b[1 to last] == 3'
----
1

query T
SELECT json_each(NULL)
----

query T
SELECT json_each(parse_json('null'))
----

query T
SELECT json_each(parse_json('true'))
----

query T
SELECT json_each(parse_json('[1, 2, 3]'))
----

query T
SELECT json_each(parse_json('{}'))
----

query T
SELECT json_each(parse_json('{"a": 1, "b": [1,2,3], "c": true, "d": {"k1": 1, "k2": 2}}'))
----
('a','1')
('b','[1,2,3]')
('c','true')
('d','{"k1":1,"k2":2}')

query TT
SELECT parse_json('{"k1": "v1", "k2": "v2"}') config, json_each(config)
----
{"k1":"v1","k2":"v2"} ('k1','"v1"')
{"k1":"v1","k2":"v2"} ('k2','"v2"')

query TT
SELECT * FROM json_each(parse_json('{"a": 1, "b": [1,2,3], "c": true, "d": {"k1": 1, "k2": 2}}'))
----
a 1
b [1,2,3]
c true
d {"k1":1,"k2":2}

query T
SELECT json_array_elements(NULL)
----

query T
SELECT json_array_elements(parse_json('null'))
----

query T
SELECT json_array_elements(parse_json('true'))
----

query T
SELECT json_array_elements(parse_json('[]'))
----

query T
SELECT json_array_elements(parse_json('[1, 2, 3]'))
----
1
2
3

query TT
SELECT parse_json('{"k": [1, 2, 3]}') config, json_array_elements(config:k)
----
{"k":[1,2,3]} 1
{"k":[1,2,3]} 2
{"k":[1,2,3]} 3

query T
SELECT json_array_elements(parse_json('{"a": 1, "b": [1,2,3], "c": true, "d": {"k1": 1, "k2": 2}}'))
----

query T
SELECT json_array_elements(parse_json('[1, [1,2,3], true, {"k1": 1, "k2": 2}]'))
----
1
[1,2,3]
true
{"k1":1,"k2":2}

query T
SELECT * FROM json_array_elements(parse_json('[1, [1,2,3], true, {"k1": 1, "k2": 2}]'))
----
1
[1,2,3]
true
{"k1":1,"k2":2}

query T
select parse_json('["1","2","3"]') ? NULL
----
NULL

query T
select parse_json('"string"') ? '1'
----
0

query T
select parse_json('["1","2","3"]') ? '1'
----
1

query T
select parse_json('{"a":1,"b":2,"c":3}') ? 'b'
----
1

query T
select parse_json('["1","2","3"]') ? '4'
----
0

query T
select parse_json('{"a":1,"b":2,"c":3}') ? 'd'
----
0

query T
select parse_json('["1","2","3"]') ?| NULL
----
NULL

query T
select parse_json('"string"') ?| ['1','2']
----
0

query T
select parse_json('["1","2","3"]') ?| ['1','4']
----
1

query T
select parse_json('{"a":1,"b":2,"c":3}') ?| ['b','e']
----
1

query T
select parse_json('["1","2","3"]') ?| ['4','5']
----
0

query T
select parse_json('{"a":1,"b":2,"c":3}') ?| ['d','e']
----
0

query T
select parse_json('["1","2","3"]') ?& NULL
----
NULL

query T
select parse_json('"string"') ?& ['1','2']
----
0

query T
select parse_json('["1","2","3"]') ?& ['1','3']
----
1

query T
select parse_json('{"a":1,"b":2,"c":3}') ?& ['b','c']
----
1

query T
select parse_json('["1","2","3"]') ?& ['3','5']
----
0

query T
select parse_json('{"a":1,"b":2,"c":3}') ?& ['c','d']
----
0


statement ok
DROP TABLE IF EXISTS t2

statement ok
CREATE TABLE t2(id Int, v Variant NULL);


statement ok
INSERT INTO t2(id, v) VALUES (1, parse_json('true')), (2, parse_json('{"a":1,"b":2,"c":3}')), (3, '["b","c","e"]'), (4, NULL)


query T
select id, v ? 'a' from t2 order by id
----
1 0
2 1
3 0
4 NULL

query T
select id, v ?| ['a','d'] from t2 order by id 
----
1 0
2 1
3 0
4 NULL

query T
select id, v ?& ['a','c'] from t2 order by id 
----
1 0
2 1
3 0
4 NULL


query T
select id, v @? '$.b' from t2 order by id
----
1 0
2 1
3 0
4 NULL

query T
select id, v @@ '$[*] == "b"' from t2 order by id
----
1 0
2 0
3 1
4 NULL

statement ok
DROP TABLE IF EXISTS t2

query T
select NULL @> NULL;
----
NULL

query T
select parse_json('[1,2,3]') @> NULL;
----
NULL

query T
select NULL @> parse_json('1');
----
NULL

query T
select parse_json('true') @> parse_json('true');
----
1

query T
select parse_json('true') @> parse_json('false');
----
0

query T
select parse_json('"asd"') @> parse_json('"asd"');
----
1

query T
select parse_json('"asd"') @> parse_json('"asdd"');
----
0

query T
select parse_json('[1,2,3]') @> parse_json('1');
----
1

query T
select parse_json('[1,2,3]') @> parse_json('4');
----
0

query T
select parse_json('[1,2,3,4]') @> parse_json('[2,1,3]');
----
1

query T
select parse_json('[1,2,3,4]') @> parse_json('[2,1,1]');
----
1

query T
select parse_json('[1,2,[1,3]]') @> parse_json('[1,3]');
----
0

query T
select parse_json('[1,2,[1,3]]') @> parse_json('[[1,3]]');
----
1

query T
select parse_json('[1,2,[1,3]]') @> parse_json('[[[1,3]]]');
----
0

query T
select parse_json('[{"a":1}]') @> parse_json('{"a":1}');
----
0

query T
select parse_json('[{"a":1},{"b":2}]') @> parse_json('[{"a":1}]');
----
1

query T
select parse_json('{"a":1,"b":2}') @> parse_json('{"a":1}');
----
1

query T
select parse_json('{"a":1,"b":2}') @> parse_json('{"a":2}');
----
0

query T
select parse_json('{"z":2,"b":{"a":1}}') @> parse_json('{"a":1}');
----
0


query T
select parse_json('{"a":{"c":100,"d":200},"b":2}') @> parse_json('{"a":{}}');
----
1

query T
select NULL <@ NULL;
----
NULL

query T
select NULL <@ parse_json('[1,2,3]');
----
NULL

query T
select parse_json('1') <@ NULL;
----
NULL

query T
select parse_json('true') <@ parse_json('true');
----
1

query T
select parse_json('true') <@ parse_json('false');
----
0

query T
select parse_json('"asd"') <@ parse_json('"asd"');
----
1

query T
select parse_json('"asd"') <@ parse_json('"asdd"');
----
0

query T
select parse_json('1') <@ parse_json('[1,2,3]');
----
1

query T
select parse_json('4') <@ parse_json('[1,2,3]');
----
0

query T
select parse_json('[2,1,3]') <@ parse_json('[1,2,3,4]');
----
1

query T
select parse_json('[2,1,1]') <@ parse_json('[1,2,3,4]');
----
1

query T
select parse_json('[1,3]') <@ parse_json('[1,2,[1,3]]');
----
0

query T
select parse_json('[[1,3]]') <@ parse_json('[1,2,[1,3]]');
----
1

query T
select parse_json('[[[1,3]]]') <@ parse_json('[1,2,[1,3]]');
----
0

query T
select parse_json('{"a":1}') <@ parse_json('[{"a":1}]');
----
0

query T
select parse_json('[{"a":1}]') <@ parse_json('[{"a":1},{"b":2}]');
----
1

query T
select parse_json('{"a":1}') <@ parse_json('{"a":1,"b":2}');
----
1

query T
select parse_json('{"a":2}') <@ parse_json('{"a":1,"b":2}');
----
0

query T
select parse_json('{"a":1}') <@ parse_json('{"z":2,"b":{"a":1}}');
----
0

query T
select parse_json('{"a":{}}') <@ parse_json('{"a":{"c":100,"d":200},"b":2}');
----
1

query T
select parse_json('[1,2,3]') || NULL;
----
NULL

query T
select parse_json('[1,2,3]') || parse_json('10');
----
[1,2,3,10]

query T
select parse_json('"asd"') || parse_json('[1,2,3]');
----
["asd",1,2,3]

query T
select parse_json('[1,{"a":1,"b":2,"c":[1,2,3]},3]') || parse_json('"asd"');
----
[1,{"a":1,"b":2,"c":[1,2,3]},3,"asd"]

query T
select parse_json('[1,{"a":1,"b":2,"c":[1,2,3]},3]') || parse_json('[10,20,30]');
----
[1,{"a":1,"b":2,"c":[1,2,3]},3,10,20,30]

query T
select parse_json('[1,[1,2,3],3]') || parse_json('[[10,20,30]]');
----
[1,[1,2,3],3,[10,20,30]]

query T
select parse_json('{"a":1,"b":2}') || parse_json('true');
----
[{"a":1,"b":2},true]

query T
select parse_json('[1,2,3]') || parse_json('{"a":1,"b":2}');
----
[1,2,3,{"a":1,"b":2}]

query T
select parse_json('{"a":1,"b":2}') || parse_json('[1,2,3]');
----
[{"a":1,"b":2},1,2,3]

query T
select parse_json('{"a":1,"b":2}') || parse_json('{"c":3,"d":4}');
----
{"a":1,"b":2,"c":3,"d":4}

query T
select parse_json('{"a":1,"b":2,"d":10}') || parse_json('{"a":3,"b":4}');
----
{"a":3,"b":4,"d":10}

query T
select parse_json('[1,2,3]') - NULL;
----
NULL

query T
select parse_json('[1,2,3]') - '1';
----
[1,2,3]

query T
select parse_json('["1","2","3"]') - '0';
----
["1","2","3"]

query T
select parse_json('["1","2","3"]') - '1';
----
["2","3"]

query T
select parse_json('["1","2","3",{"a":1,"b":2}]') - '1';
----
["2","3",{"a":1,"b":2}]

query T
select parse_json('{"a":1,"b":2}') - 'c';
----
{"a":1,"b":2}

query T
select parse_json('{"a":1,"b":2}') - 'a';
----
{"b":2}

query T
select parse_json('{"b":2}') - 'b';
----
{}

query T
select parse_json('[1,2,3]') - 0;
----
[2,3]

query T
select parse_json('[1,2,3]') - 1;
----
[1,3]

query T
select parse_json('[1,2,3]') - 2;
----
[1,2]

query T
select parse_json('[1,2,3]') - -1;
----
[1,2]

query T
select parse_json('[1,2,3]') - -2;
----
[1,3]

query T
select parse_json('[1,2,3]') - -3;
----
[2,3]

query T
select parse_json('[1,2,3]') - -4;
----
[1,2,3]

query T
select parse_json('[1,2,{"a":[1,2,3],"b":[40,50,60]}]') - 2;
----
[1,2]


query T
select parse_json('[1,2,3]') #- NULL
----
NULL

query T
select parse_json('[1,2,3]') #- '{}'
----
[1,2,3]

query T
select parse_json('[1,2,3]') #- '{0}'
----
[2,3]

query T
select parse_json('[1,2,3]') #- '{-1}'
----
[1,2]

query T
select parse_json('[1,2,3]') #- '{3}'
----
[1,2,3]

query T
select parse_json('{"a":1,"b":[1,2,3]}') #- '{b}'
----
{"a":1}

query T
select parse_json('{"a":1,"b":[1,2,3]}') #- '{c}'
----
{"a":1,"b":[1,2,3]}

query T
select parse_json('{"a":1,"b":[1,2,3]}') #- '{b,2}'
----
{"a":1,"b":[1,2]}

query T
select parse_json('{"a":1,"b":[1,2,3]}') #- '{b,-2}'
----
{"a":1,"b":[1,3]}

query T
select parse_json('{"a":1,"b":[{"c":1,"d":10},2,3]}') #- '{b,0,d}'
----
{"a":1,"b":[{"c":1},2,3]}

statement ok
DROP TABLE IF EXISTS t3

statement ok
CREATE TABLE t3(id Int, v Variant NULL, s String NULL);

statement ok
INSERT INTO t3(id, v, s) VALUES (1, parse_json('[1,2,3]'), '{0}'), (2, parse_json('{"a":1,"b":2,"c":3}'), '{b}'), (3, '[1,{"a":[1,2,3]},3]', '{1,a,-1}'), (4, NULL, NULL)

query T
select id, v #- s from t3 order by id
----
1 [2,3]
2 {"a":1,"c":3}
3 [1,{"a":[1,2]},3]
4 NULL

statement ok
DROP TABLE IF EXISTS t3
