query B
SELECT true and false
----
0



query B
SELECT true and true
----
1



query B
SELECT false and false
----
0



query B
SELECT 1 and 0
----
0



query B
SELECT 1 and 1
----
1



query B
SELECT 1 and null
----
NULL

query B
SELECT 0 and null
----
0



query B
SELECT null and null
----
NULL

query I
SELECT number from numbers(10) WHERE number > 5 AND number < 8 ORDER BY number
----
6
7

query B
SELECT true OR false
----
1



query B
SELECT true OR true
----
1



query B
SELECT false OR false
----
0



query B
SELECT 1 OR 0
----
1



query B
SELECT 1 OR 1
----
1



query B
SELECT 0 OR 0
----
0



query B
SELECT 1 OR null
----
1



query B
SELECT 0 OR null
----
NULL

query B
SELECT null OR 1
----
1



query B
SELECT null OR null
----
NULL

query I
SELECT number from numbers(10) WHERE number > 7 OR number < 2 ORDER BY number
----
0
1
8
9

query B
SELECT true XOR true
----
0



query B
SELECT false XOR false
----
0



query B
SELECT true XOR false
----
1



query B
SELECT false XOR true
----
1



query T
SELECT null XOR true
----
NULL

query T
SELECT false XOR null
----
NULL

query B
SELECT not true
----
0



query B
SELECT not false
----
1



query B
SELECT not 1
----
0



query B
SELECT not 0
----
1

query B
SELECT or_filters(false, false, false)
----
0

query B
SELECT or_filters(false, false, null)
----
0

query B
SELECT or_filters(true, false, null)
----
1



query TT
SELECT not null, not (null BETWEEN NULL AND NULL)
----
NULL NULL

statement ok
DROP TABLE IF EXISTS t_logic

statement ok
CREATE TABLE t_logic (a INT NULL)

statement ok
INSERT INTO t_logic VALUES (NULL)

# NULL(false), NULL(false)
query TT
SELECT (a < 1) AND (a < 1), (a < 1) OR (a < 1) FROM t_logic
----
NULL NULL

# NULL(false), NULL(true)
query TT
SELECT (a > 1) AND (a < 1), (a > 1) OR (a < 1) FROM t_logic
----
NULL NULL

# NULL(true), NULL(false)
query TT
SELECT (a < 1) AND (a > 1), (a < 1) OR (a > 1) FROM t_logic
----
NULL NULL

# NULL(true), NULL(true)
query TT
SELECT (a < 1) AND (a < 1), (a < 1) OR (a < 1) FROM t_logic
----
NULL NULL

# NULL(false), false
query TT
SELECT (a > 1) AND (0 > 1), (a > 1) OR (0 > 1) FROM t_logic
----
0 NULL

# NULL(false), true
query TT
SELECT (a > 1) AND (0 < 1), (a > 1) OR (0 < 1) FROM t_logic
----
NULL 1

# NULL(true), false
query TT
SELECT (a < 1) AND (0 > 1), (a < 1) OR (0 > 1) FROM t_logic
----
0 NULL

# NULL(true), true
query TT
SELECT (a < 1) AND (0 < 1), (a < 1) OR (0 < 1) FROM t_logic
----
NULL 1

# false, NULL(false)
query TT
SELECT (0 > 1) AND (a > 1), (0 > 1) OR (a > 1) FROM t_logic
----
0 NULL

# false, NULL(true)
query TT
SELECT (0 > 1) AND (a < 1), (0 > 1) OR (a < 1) FROM t_logic
----
0 NULL

# true, NULL(false)
query TT
SELECT (0 < 1) AND (a > 1), (0 < 1) OR (a > 1) FROM t_logic
----
NULL 1

# true, NULL(true)
query TT
SELECT (0 < 1) AND (a < 1), (0 < 1) OR (a < 1) FROM t_logic
----
NULL 1

# false, false
query TT
SELECT (0 > 1) AND (0 > 1), (0 > 1) OR (0 > 1) FROM t_logic
----
0 0

# false, true
query TT
SELECT (0 > 1) AND (0 < 1), (0 > 1) OR (0 < 1) FROM t_logic
----
0 1

# true, false
query TT
SELECT (0 < 1) AND (0 > 1), (0 < 1) OR (0 > 1) FROM t_logic
----
0 1

# true, true
query TT
SELECT (0 < 1) AND (0 < 1), (0 < 1) OR (0 < 1) FROM t_logic
----
1 1

# for nullable column
statement ok
CREATE OR REPLACE TABLE t_logic_1 (a INT NULL)

statement ok
INSERT INTO t_logic_1 VALUES (NULL),(0),(1)

query B rowsort
SELECT or_filters(a < 1, a < 1, a < 1) FROM t_logic_1
----
0
0
1

query B rowsort
SELECT or_filters(a > 2, a > 2, a > 2) FROM t_logic_1
----
0
0
0

query TT
select number, and_filters(number > 1, number > 2 , number > 3) from numbers(6) order by number;
----
0 0
1 0
2 0
3 0
4 1
5 1

query TT
select number, or_filters(number = 1, number = 5 , number = 3) from numbers(6) order by number;
----
0 0
1 1
2 0
3 1
4 0
5 1

statement ok
DROP TABLE t_logic
