query I
select unicode(char(97)::String);
----
97

statement ok
create or replace table t(id int);

statement ok
insert into t values(97),(98),(99);

query TI
select char(id)::String as c1, unicode(c1) from t;
----
a 97
b 98
c 99

statement ok
drop table t;
