query I
select * from generate_series(1,10,1);
----
1
2
3
4
5
6
7
8
9
10

query ?
select * from generate_series('2021-03-26 00:00'::timestamp,'2021-03-27 12:00'::timestamp,86400000000);
----
2021-03-26 00:00:00.000000
2021-03-27 00:00:00.000000

query ?
select * from generate_series('1970-01-01 00:00'::timestamp,to_timestamp(2),2000000);
----
1970-01-01 00:00:00.000000
1970-01-01 00:00:02.000000

query ?
select * from generate_series(to_timestamp(1),to_timestamp(2),2);
----
1970-01-01 00:00:01.000000

query ?
select * from generate_series('2021-03-26'::date,'2021-03-27'::date,1);
----
2021-03-26
2021-03-27

query I
select * from range(1, 3)
----
1
2

query I
select max(`range`) from range(1, 10000)
----
9999

query I
select generate_series as install_date from generate_series((select count() from numbers(10))::int, (select count() from numbers(39))::int);
----
10
11
12
13
14
15
16
17
18
19
20
21
22
23
24
25
26
27
28
29
30
31
32
33
34
35
36
37
38
39

query I
select * from generate_series((select 1), (select 5), 1);
----
1
2
3
4
5

query I
select * from range((select 3)::int, (select 7)::int);
----
3
4
5
6
