statement ok
DROP DATABASE IF EXISTS map_func_test

statement ok
CREATE DATABASE IF NOT EXISTS map_func_test

statement ok
USE map_func_test

query TT
select map_keys({}), map_values({})
----
[] []

query TT
select map_size({})
----
0

query TT
select map_keys({'k1':1,'k2':2,'k3':null}), map_values({'k1':1,'k2':2,'k3':null})
----
['k1','k2','k3'] [1,2,NULL]

statement ok
create table t(col1 Map(String, String Null) Not Null, col2 Map(String, Int Null) Null)

statement ok
insert into t values({'k1':'v1','k2':'v2','k3':null},{'a':10,'b':20}), ({'k5':'v5','k6':'v6'}, {'d':40,'e':null,'f':50}), ({}, null)

query TT
select map_keys(col1), map_keys(col2) from t
----
['k1','k2','k3'] ['a','b']
['k5','k6'] ['d','e','f']
[] NULL

query TT
select map_size(col1), map_size(col2) from t
----
3 2
2 3
0 NULL

query TT
select map_values(col1), map_values(col2) from t
----
['v1','v2',NULL] [10,20]
['v5','v6'] [40,NULL,50]
[] NULL

statement ok
drop table if exists map_cat_test all

statement ok
CREATE TABLE map_cat_test(s_no Int, p_prof_name Map(String, String) Not Null, p_prof_dob Map(String, String) Not Null);

statement ok
INSERT INTO map_cat_test VALUES (1, {'name_r11': 'John Smith', 'name_r12': 'Emily Johnson'}, {'dob_11': '1988-07-12', 'dob_12': '1995-03-21'}),
(2, {'name_r21': 'Michael Brown', 'name_22': 'Sarah Davis'}, {'dob_21': '1978-08-17', 'dob_22': '1989-07-19'}),
(3, {'name_r31': 'David Wilson', 'name_32': 'white rose'}, {'dob_31': '1998-09-02', 'dob_32': '1992-05-18'});

query
SELECT * FROM map_cat_test LIMIT 3;
----
1 {'name_r11':'John Smith','name_r12':'Emily Johnson'} {'dob_11':'1988-07-12','dob_12':'1995-03-21'}
2 {'name_r21':'Michael Brown','name_22':'Sarah Davis'} {'dob_21':'1978-08-17','dob_22':'1989-07-19'}
3 {'name_r31':'David Wilson','name_32':'white rose'} {'dob_31':'1998-09-02','dob_32':'1992-05-18'}

query
SELECT
  s_no,
  MAP_CAT(p_prof_name, p_prof_dob) AS concatenated_map
FROM
  map_cat_test;
----
1 {'name_r11':'John Smith','name_r12':'Emily Johnson','dob_11':'1988-07-12','dob_12':'1995-03-21'}
2 {'name_r21':'Michael Brown','name_22':'Sarah Davis','dob_21':'1978-08-17','dob_22':'1989-07-19'}
3 {'name_r31':'David Wilson','name_32':'white rose','dob_31':'1998-09-02','dob_32':'1992-05-18'}


# Test empty maps
query
SELECT MAP_CAT({}, {})
----
{}

query
SELECT MAP_CAT({}, {'k1': 'v1'})
----
{'k1':'v1'}

query
SELECT MAP_CAT({'k1': 'v1'}, {})
----
{'k1':'v1'}

# Test deduplication
query
SELECT MAP_CAT({'k1': 'v1', 'k2': 'v2'}, {'k1': 'abc'})
----
{'k1':'abc','k2':'v2'}

# Test different map sizes
query
SELECT MAP_CAT({'k1': 'v1', 'k2': 'v2'}, {'k3': 'v3'})
----
{'k1':'v1','k2':'v2','k3':'v3'}

query
SELECT MAP_CAT({'k1': 'v1'}, {'k2': 'v2', 'k3': 'v3'})
----
{'k1':'v1','k2':'v2','k3':'v3'}

# Test NULL values
query
SELECT MAP_CAT({'k1': 'v1', 'k2': NULL}, {'k2': 'v2', 'k3': NULL})
----
{'k1':'v1','k2':'v2','k3':NULL}

# Test nested maps
query
SELECT MAP_CAT(
  {'k1': {'nk1': 'nv1'}, 'k2': {'nk2': 'nv2'}},
  {'k2': {'nk3': 'nv3'}, 'k3': {'nk4': 'nv4'}}
)
----
{'k1':{'nk1':'nv1'},'k2':{'nk3':'nv3'},'k3':{'nk4':'nv4'}}

query
SELECT MAP_CAT(
  {'k1': {'nk1': 'nv1'}, 'k2': {'nk2': 'nv2'}},
  {'k3': {'nk1': 'new_nv1'}, 'k4': {'nk3': 'nv3'}}
)
----
{'k1':{'nk1':'nv1'},'k2':{'nk2':'nv2'},'k3':{'nk1':'new_nv1'},'k4':{'nk3':'nv3'}}

# Deleting keys from a map literal
query
SELECT MAP_DELETE(
  {'k1': 'v1', 'k2': 'v2', 'k3': 'v3', 'k4': 'v4'}, 
  ['k3', 'k2']
)
----
{'k1':'v1','k4':'v4'}

# Deleting keys from a nested map
statement ok
drop table if exists map_delete_test all

statement ok
CREATE TABLE map_delete_test(src_map Map(String, String) Not Null);

statement ok
INSERT INTO map_delete_test VALUES ({'a_k1': 'aaa1', 'b_k1': 'bbb1'}),
({'a_k2': 'aaa2', 'b_k2': 'bbb2'}),
({'a_k3': 'aaa3', 'b_k3': 'bbb3'});

query
SELECT * FROM map_delete_test LIMIT 3;
----
{'a_k1':'aaa1','b_k1':'bbb1'}
{'a_k2':'aaa2','b_k2':'bbb2'}
{'a_k3':'aaa3','b_k3':'bbb3'}

query
SELECT 
  MAP_DELETE(src_map, ['a_k2', 'b_k3'])
FROM
  map_delete_test;
----
{'a_k1':'aaa1','b_k1':'bbb1'}
{'b_k2':'bbb2'}
{'a_k3':'aaa3'}

# Deleting all keys from a map
query
SELECT MAP_DELETE( {'k1': 'v1', 'k2': 'v2', 'k3': 'v3'}, ['k1', 'k2', 'k3'] )
----
{}

# Deleting keys from a map with duplicate keys
query
SELECT MAP_DELETE( {'k1': 'v1', 'k2': 'v2', 'k3': 'v3'}, ['k1', 'k1'] )
----
{'k2':'v2','k3':'v3'}


# Deleting non-existent keys
query
SELECT MAP_DELETE( {'k1': 'v1', 'k2': 'v2'}, ['k3', 'k4'] )
----
{'k1':'v1','k2':'v2'}

# Test map_contains_key function
statement ok
CREATE TABLE map_contains_test(col_str Map(String, String Null) Not Null, col_int Map(String, Int Null) Null)

statement ok
INSERT INTO map_contains_test VALUES ({'k1':'v1','k2':'v2','k3':null},{'a':10,'b':20}), ({'k5':'v5','k6':'v6'}, {'d':40,'e':null,'f':50}), ({}, null)

query TT
select map_contains_key(col_str, 'k1'), map_contains_key(col_str, 'k2'), map_contains_key(col_int, 'a') from map_contains_test
----
1 1 1
0 0 0
0 0 NULL

# Test empty map
query
SELECT map_contains_key({}, 'k1')
----
0

# Test non-existent key
query
SELECT map_contains_key({'k1': 'v1', 'k2': 'v2'}, 'k3')
----
0

# Test NULL value
query
SELECT map_contains_key({'k1': 'v1', 'k2': NULL}, 'k2')
----
1

statement ok
DROP DATABASE map_func_test
