statement ok
drop table if exists t all

statement ok
set timezone = 'UTC'

query I
select to_string(today())=substr(to_string(now()),1,10);
----
1

statement ok
set timezone = 'Asia/Shanghai'

query I
select to_string(today())=substr(to_string(now()),1,10);
----
1

statement ok
set timezone = 'America/Los_Angeles'

query I
select to_string(today())=substr(to_string(now()),1,10);
----
1

statement ok
set timezone = 'UTC'

query B
SELECT today() >= 18869::DATE
----
1

query B
SELECT now() >= 1630295616::TIMESTAMP
----
1

query B
SELECT to_unix_timestamp(now()) >= 1680753801;
----
1

query B
SELECT now() = now()
----
1

query TB
select to_datetime(1630833797), to_int64(to_datetime(1630833797)) = 1630833797000000
----
2021-09-05 09:23:17.000000 1


query TB
select to_datetime(1630833797123), to_int64(to_datetime(1630833797123)) = 1630833797123000
----
2021-09-05 09:23:17.123000 1


query TB
select to_datetime(1630833797123456), to_int64(to_datetime(1630833797123456)) = 1630833797123456
----
2021-09-05 09:23:17.123456 1


query TB
select to_datetime(1630320462000000), to_int64(to_datetime(1630320462000000))  = 1630320462000000
----
2021-08-30 10:47:42.000000 1

query TB
select to_date(18869), to_int64(to_date(18869))  = 18869
----
2021-08-30 1


query TB
select to_datetime(1640019661000000), to_int64(to_datetime(1640019661000000))  = 1640019661000000
----
2021-12-20 17:01:01.000000 1


query T
select to_date('1000-01-01')
----
1000-01-01

query T
select to_date('9999-12-31')
----
9999-12-31

query T
select to_date('9999-12-30')
----
9999-12-30


statement error 1006
select to_date('10000-12-31')

query T
select to_date('0999-12-31')
----
0999-12-31

query T
select to_datetime('1000-01-01 00:00:00')
----
1000-01-01 00:00:00.000000

statement error 1046
select to_datetime('9999-12-31 23:59:59')

# Max datetime in UTC
query T
select to_datetime('9999-12-30 22:00:00')
----
9999-12-30 22:00:00.000000

query T
select to_datetime('9999-12-30 ')
----
9999-12-30 00:00:00.000000

query T
select to_datetime('9999-12-30T')
----
9999-12-30 00:00:00.000000

query T
select to_datetime('9999-12-30 22')
----
9999-12-30 22:00:00.000000

query T
select to_datetime('9999-12-30 22:')
----
9999-12-30 22:00:00.000000

query T
select to_datetime('9999-12-30 21:59')
----
9999-12-30 21:59:00.000000

query T
select to_datetime('9999-12-30 21:59:')
----
9999-12-30 21:59:00.000000

query T
select to_unix_timestamp('2022-12-31T23:59:59+00:00')
----
1672531199

query T
select to_unix_timestamp('2022-12-31T23:59:59-08:00')
----
1672559999


statement error 1006
select to_datetime('9999-01-01 00x')

statement error 1006
select to_datetime('9999-01-01 001')

statement error 1006
select to_datetime('9999-01-01 01:123')

statement error 1006
select to_datetime('9999-01-01 01:12.123+02:00')

statement error 1006
select to_datetime('10000-01-01 00:00:00')

query T
select to_datetime('0999-12-31 23:59:59')
----
0999-12-31 23:59:59.000000

query T
select to_datetime('2022-12-31T23:59:59+00:00')
----
2022-12-31 23:59:59.000000

query B
select typeof(today() + 3) = 'DATE'
----
1

query B
select typeof(today() - 3) = 'DATE'
----
1

query B
select typeof(now() - 3) = 'TIMESTAMP'
----
1

query B
select typeof(to_datetime(1640019661000000)) = 'TIMESTAMP'
----
1

query B
select today() + 1 - today() = 1
----
1

query B
select typeof(today() - today()) = 'INT'
----
1

query B
select typeof(now() - now())
----
BIGINT

query B
select typeof(to_unix_timestamp('2023-04-06 04:06:23.231808'))
----
INT UNSIGNED

query B
select sum(today() + number - today()) = 45 from numbers(10)
----
1

query B
select today() - 1 = yesterday()
----
1

query B
select today() - yesterday()  = 1
----
1

query B
select today() + 1 = tomorrow()
----
1

query B
select to_date('2023-01-01') + 100 = to_date('2023-04-11')
----
1

query B
select to_date('2023-01-01') - 100 = to_date('2022-09-23')
----
1

query FF
SELECT
    MONTHS_BETWEEN('2019-03-15'::DATE,
                   '2019-02-15'::DATE) AS MonthsBetween1,
    MONTHS_BETWEEN('2019-03-31'::DATE,
                   '2019-02-28'::DATE) AS MonthsBetween2;
----
1.0 1.0

query FF
SELECT
    MONTHS_BETWEEN('2019-03-01'::DATE,
                   '2019-02-15'::DATE) AS MonthsBetween1,
    MONTHS_BETWEEN('2019-03-01 02:00:00'::TIMESTAMP,
                   '2019-02-15 01:00:00'::TIMESTAMP) AS MonthsBetween2,
    MONTHS_BETWEEN('2019-02-15 02:00:00'::TIMESTAMP,
                   '2019-02-15 01:00:00'::TIMESTAMP) AS MonthsBetween3
----
0.5483870967741935 0.5483870967741935 0.0

query FFF
SELECT
    MONTHS_BETWEEN('2019-03-28'::DATE,
                   '2019-02-28'::DATE) AS MonthsBetween1,
    MONTHS_BETWEEN('2019-03-30'::DATE,
                   '2019-02-28'::DATE) AS MonthsBetween2,
    MONTHS_BETWEEN('2019-03-31'::DATE,
                   '2019-02-28'::DATE) AS MonthsBetween3
----
1.0 1.064516129032258 1.0


query FFF
SELECT
    MONTHS_BETWEEN('2019-03-28'::DATE,
                   '2019-02-28'::DATE) AS MonthsBetween1,
    MONTHS_BETWEEN('2019-03-30'::DATE,
                   '2019-02-28'::DATE) AS MonthsBetween2,
    MONTHS_BETWEEN('2019-03-31'::DATE,
                   '2019-02-28'::DATE) AS MonthsBetween3
----
1.0 1.064516129032258 1.0

query FFFFFFF
SELECT MONTHS_BETWEEN('2024-01-01'::DATE, '2024-01-01'::DATE),
	MONTHS_BETWEEN('2024-02-15'::DATE, '2024-01-15'::DATE),
	MONTHS_BETWEEN('2024-03-10'::DATE, '2024-01-20'::DATE),
	MONTHS_BETWEEN('2024-01-15'::DATE, '2023-12-15'::DATE),
	MONTHS_BETWEEN('2024-02-29'::DATE, '2024-01-31'::DATE),
	MONTHS_BETWEEN('2024-03-31'::DATE, '2024-03-30'::DATE),
	MONTHS_BETWEEN('2023-01-01'::DATE, '2024-01-01'::DATE);
----
0.0 1.0 1.6774193548387097 1.0 1.0 0.03225806451612903 -12.0

query T
select to_date('2023-01-01') + 100000000
----
1000-01-01

query T
select to_date('2023-01-01') - 100000000
----
1000-01-01


query B
select tomorrow() - today() = 1
----
1

query I
select to_yyyymm(to_datetime(1630833797000000))
----
202109

query I
select to_yyyymm(to_date(18875))
----
202109

query B
select to_yyyymm(to_datetime(1630833797000000))  =  202109
----
1

query B
select to_yyyymm(to_date(18875))  =  202109
----
1

query T
select time_slot(to_datetime(1630320462000000))
----
2021-08-30 10:30:00.000000

query T
select to_start_of_hour(to_datetime(1630320462000000))
----
2021-08-30 10:00:00.000000

query T
select to_start_of_fifteen_minutes(to_datetime(1630320462000000))
----
2021-08-30 10:45:00.000000

query T
select to_start_of_minute(to_datetime(1630320462000000))
----
2021-08-30 10:47:00.000000

query T
select to_start_of_five_minutes(to_datetime(1630320462000000))
----
2021-08-30 10:45:00.000000

query T
select to_start_of_ten_minutes(to_datetime(1630320462000000))
----
2021-08-30 10:40:00.000000

query B
select time_slot(now()) <= now()
----
1

query I
select to_yyyymmddhhmmss(to_datetime(1630833797000000))
----
20210905092317

query I
select to_yyyymmddhhmmss(to_date(18875))
----
20210905000000

query B
select to_yyyymmddhhmmss(to_datetime(1630833797000000))  =  20210905092317
----
1

query B
select to_yyyymmddhhmmss(to_date(18875))  =  20210905000000
----
1

query I
select to_yyyymmddhh(to_datetime(1630833797000000))
----
2021090509

query I
select to_yyyymmddhh(to_date(18875))
----
2021090500

query B
select to_yyyymmddhh(to_datetime(1630833797000000))  =  2021090509
----
1

query B
select to_yyyymmddhh(to_date(18875))  =  2021090500
----
1

query I
select to_yyyymmdd(to_datetime(1630833797000000))
----
20210905

query I
select to_yyyymmdd(to_date(18875))
----
20210905

query B
select to_yyyymmdd(to_datetime(1630833797000000))  =  20210905
----
1

query B
select to_yyyymmdd(to_date(18875))  =  20210905
----
1

query T
select to_start_of_year(to_datetime(1630812366000000))
----
2021-01-01

query T
select to_start_of_iso_year(to_datetime(1630812366000000))
----
2021-01-04

query T
select to_start_of_year(to_date(18869))
----
2021-01-01

query T
select to_start_of_iso_year(to_date(18869))
----
2021-01-04

query T
select to_start_of_quarter(to_datetime(1631705259000000))
----
2021-07-01

query T
select to_start_of_quarter(to_datetime(1621078059000000))
----
2021-04-01

query T
select to_start_of_month(to_datetime(1631705259000000))
----
2021-09-01

query T
select to_start_of_quarter(to_date(18885))
----
2021-07-01

query T
select to_start_of_quarter(to_date(18762))
----
2021-04-01

query T
select to_start_of_quarter(to_date('2023-05-31'))
----
2023-04-01

query T
select to_start_of_month(to_date(18885))
----
2021-09-01

query T
select to_start_of_week(to_datetime(1632397739000000))
----
2021-09-19

query T
select to_start_of_week(to_datetime(1632397739000000), 0)
----
2021-09-19

query T
select to_start_of_week(to_datetime(1632397739000000), 1)
----
2021-09-20

query T
select to_start_of_week(to_datetime(1632397739000000), 2)
----
2021-09-20

query T
select to_start_of_week(to_datetime(1632397739000000), 3)
----
2021-09-20

query T
select to_start_of_week(to_datetime(1632397739000000), 4)
----
2021-09-20

query T
select to_start_of_week(to_datetime(1632397739000000), 5)
----
2021-09-20

query T
select to_start_of_week(to_datetime(1632397739000000), 6)
----
2021-09-20

query T
select to_start_of_week(to_datetime(1632397739000000), 7)
----
2021-09-20

query T
select to_start_of_week(to_datetime(1632397739000000), 8)
----
2021-09-20

query T
select to_start_of_week(to_datetime(1632397739000000), 9)
----
2021-09-20

query T
select to_start_of_week(to_date(18769))
----
2021-05-16

query T
select to_start_of_week(to_date(18769), 0)
----
2021-05-16

query T
select to_start_of_week(to_date(18769), 1)
----
2021-05-17

query T
select to_start_of_week(to_date(18769), 2)
----
2021-05-17

query T
select to_start_of_week(to_date(18769), 3)
----
2021-05-17

query T
select to_start_of_week(to_date(18769), 4)
----
2021-05-17

query T
select to_start_of_week(to_date(18769), 5)
----
2021-05-17

query T
select to_start_of_week(to_date(18769), 6)
----
2021-05-17

query T
select to_start_of_week(to_date(18769), 7)
----
2021-05-17

query T
select to_start_of_week(to_date(18769), 8)
----
2021-05-17

query T
select to_start_of_week(to_date(18769), 9)
----
2021-05-17

query T
select to_start_of_week(to_date('1000-01-01'))
----
0999-12-29

query T
select to_start_of_week(to_datetime('1000-01-01 00:00:00'))
----
0999-12-29

# 2020-2-29 + 1 year
query T
select add_years(to_date(18321), cast(1, UINT8))
----
2021-02-28

query T
select add_years(to_date(18321), cast(1, UINT16))
----
2021-02-28

query T
select add_years(to_date(18321), cast(1, UINT32))
----
2021-02-28

query T
select add_years(to_date(18321), cast(1, UINT64))
----
2021-02-28

query T
select add_years(to_date(18321), cast(-1, INT8))
----
2019-02-28

query T
select add_years(to_date(18321), cast(-1, INT16))
----
2019-02-28

query T
select add_years(to_date(18321), cast(-1, INT32))
----
2019-02-28

query T
select add_years(to_date(18321), cast(-1, INT64))
----
2019-02-28

# 2020-2-29T10:00:00 + 50 years
query T
select add_years(to_datetime(1582970400000000), cast(50, INT8))
----
2070-02-28 10:00:00.000000

# 2020-2-29T10:00:00 - 50 years
query T
select add_years(to_datetime(1582970400000000), cast(-50, INT8))
----
1970-02-28 10:00:00.000000


# years gap: -9999..=9999
query T
select add_years(to_date('9998-12-30'), 1)
----
9999-12-30

query T
select add_years(to_datetime('9998-12-30 21:59:59'), 1)
----
9999-12-30 21:59:59.000000

# 2020-2-29 - 13 months
query T
select subtract_months(to_date(18321), cast(13, INT16))
----
2019-01-29

# 2020-2-29T10:00:00 - (12*10 + 2) months
query T
select subtract_months(to_datetime(1582970400000000), cast(122, INT16))
----
2009-12-29 10:00:00.000000


query T
select subtract_months(to_date('1000-01-01'), 1)
----
1000-01-01

query T
select subtract_months(to_datetime('1000-01-01 00:00:00'), 1)
----
1000-01-01 00:00:00.000000

# 2020-2-29 + 1 day
query T
select add_days(to_date(18321), cast(1, INT16))
----
2020-03-01

# 2020-2-29T10:00:00 - 1 day
query T
select add_days(to_datetime(1582970400000000), cast(-1, INT16))
----
2020-02-28 10:00:00.000000

query T
select add_days(to_date('9999-12-30'), 1)
----
9999-12-31

query T
select add_days(to_datetime('9999-12-30 21:59:59'), 1)
----
9999-12-30 22:00:00.000000

# 2020-2-29T10:00:00 + 25 hours
query T
select add_hours(to_datetime(1582970400000000), cast(25, INT32))
----
2020-03-01 11:00:00.000000


query T
select add_hours(to_date(18321), 1)
----
2020-02-29 01:00:00.000000


query T
select add_hours(to_date('9999-12-30'), 24)
----
9999-12-30 22:00:00.000000

query T
select add_hours(to_datetime('9999-12-29 23:59:59'), 1)
----
9999-12-30 00:59:59.000000

# 2020-2-29T10:00:00 - 1 minutes
query T
select subtract_minutes(to_datetime(1582970400000000), cast(1, INT32))
----
2020-02-29 09:59:00.000000

query T
select subtract_minutes(to_date('1000-01-01'), 1)
----
1000-01-01 00:00:00.000000

query T
select subtract_minutes(to_datetime('1000-01-01 00:00:00'), 1)
----
1000-01-01 00:00:00.000000

# 2020-2-29T10:00:00 + 61 seconds
query T
select add_seconds(to_datetime(1582970400000000), cast(61, INT32))
----
2020-02-29 10:01:01.000000

query T
select to_datetime('2023-01-01 00:00:00') + 10000000000
----
2023-01-01 02:46:40.000000

query t
select to_datetime('2023-01-01 00:00:00') - 10000000000
----
2022-12-31 21:13:20.000000

query T
select to_datetime('2023-01-01 00:00:00') + 1000000000000000000
----
1000-01-01 00:00:00.000000

query T
select to_datetime('2023-01-01 00:00:00') - 1000000000000000000
----
1000-01-01 00:00:00.000000

query I
select to_month(to_datetime(1633081817000000))
----
10

query I
select to_month(to_date(18901))
----
10

query B
select to_month(to_datetime(1633081817000000))  =  10
----
1



query B
select to_month(to_date(18901))  =  10
----
1



query I
select to_day_of_year(to_datetime(1633173324000000))
----
275

query I
select to_day_of_year(to_date(18902))
----
275

query B
select to_day_of_year(to_datetime(1633173324000000))  =  275
----
1



query B
select to_day_of_year(to_date(18902))  =  275
----
1



query I
select day(to_datetime(1633173324000000))
----
2

query I
select to_day_of_month(to_date(18902))
----
2

query B
select to_day_of_month(to_datetime(1633173324000000))  =  2
----
1



query B
select to_day_of_month(to_date(18902))  =  2
----
1



query I
select to_day_of_week(to_datetime(1633173324000000))
----
6

query I
select to_day_of_week(to_date(18902))
----
6

query B
select to_day_of_week(to_datetime(1633173324000000))  =  6
----
1



query B
select to_day_of_week(to_date(18902))  =  6
----
1



query B
select to_hour(to_datetime(1634551542000000))  =  10
----
1



query B
select to_minute(to_datetime(1634551542000000))  =  5
----
1



query B
select to_second(to_datetime(1634551542000000))  =  42
----
1



query B
select to_monday(to_datetime(1634614318000000))  =  to_date('2021-10-18')
----
1

query B
SELECT to_datetime(1651017600000)::String = to_date('2022-04-27')
----
1

query B
SELECT to_datetime(1651017600000) = to_date('2022-04-27')
----
1

query B
select to_year(to_datetime(1646404329000000)) = 2022
----
1

query BB
select to_quarter(to_datetime(1646404329000000)) = 1, quarter(to_datetime(1646404329000000)) = 1
----
1 1

query T
select date_add(QUARTER, 1, to_date('2018-01-02'))
----
2018-04-02

query T
SELECT DATE_ADD(WEEK, 1, TODAY())=DATE_ADD('day', 7, TODAY())
----
1

query T
SELECT DATE_DIFF(YEAR, to_date('2000-01-02'), to_date('2024-01-01'))
----
24

query T
SELECT DATE_DIFF(YEAR, to_date('2023-12-31'), to_date('2024-01-01'))
----
1

query T
SELECT DATE_DIFF(YEAR, to_date('2024-01-01'), to_date('2023-12-31'))
----
-1

query T
SELECT DATE_DIFF(YEAR, to_date('2023-12-30'), to_date('2023-12-31'))
----
0

query T
SELECT DATE_DIFF(YEAR, to_date('2023-12-31'), to_date('2023-12-30'))
----
0

query T
SELECT DATE_DIFF(QUARTER, to_date('2023-06-01'), to_date('2024-01-01'))
----
3

query T
SELECT DATE_DIFF(QUARTER, to_date('2024-01-01'), to_date('2023-06-01'))
----
-3

query T
SELECT DATE_DIFF(QUARTER, to_date('2023-01-01'), to_date('2023-02-28'))
----
0

query T
SELECT DATE_DIFF(QUARTER, to_date('2023-01-01'), to_date('2023-06-01'))
----
1

query T
SELECT DATE_DIFF(QUARTER, to_date('2023-06-01'), to_date('2023-01-01'))
----
-1

query T
SELECT DATE_DIFF(QUARTER, to_date('2023-02-01'), to_date('2023-07-01'))
----
2

query T
SELECT DATE_DIFF(QUARTER, to_date('2023-07-01'), to_date('2023-02-01'))
----
-2

query T
SELECT DATE_DIFF(MONTH, to_date('2000-01-02'), to_date('2024-01-01'))
----
288

query T
SELECT DATE_DIFF(MONTH, to_date('2012-02-29'), to_date('2013-03-28'))
----
13

query T
SELECT DATE_DIFF(MONTH, to_date('2024-01-01 21:01:35.423179'), to_timestamp('2023-12-31 09:38:18.165575'))
----
-1

query T
SELECT DATE_DIFF(WEEK, to_date('2016-12-31'), to_timestamp('2017-01-01'))
----
0

query T
SELECT DATE_DIFF(WEEK, to_date('2017-01-01'), to_date('2017-01-02'))
----
1

query T
SELECT DATE_DIFF(WEEK, to_date('2017-01-01'), to_date('2017-01-05'))
----
1

query T
SELECT DATE_DIFF(WEEK, to_date('2017-01-05'), to_date('2017-01-01'))
----
-1

query T
SELECT DATE_DIFF(WEEK, to_date('2017-01-01'), to_date('2017-12-30'))
----
52

query T
SELECT DATE_DIFF(WEEK, to_date('2017-12-30'), to_date('2017-01-01'))
----
-52

query T
SELECT DATE_DIFF(WEEK, to_date('2017-01-01'), to_date('2017-12-31'))
----
52

query T
SELECT DATE_DIFF(WEEK, to_date('2017-12-31'), to_date('2017-01-01'))
----
-52

query T
SELECT DATE_DIFF(DAY, to_date('2000-01-02'), to_date('2024-01-01'))
----
8765

query T
SELECT DATE_DIFF(DAY, to_date('2012-02-29'), to_date('2013-02-28'))
----
365

query T
SELECT DATE_DIFF(DAY, to_timestamp('2023-12-31 09:38:18.165575'), to_timestamp('2024-01-01 21:01:35.423179'))
----
1

query T
SELECT DATE_DIFF(DAY, to_timestamp('2024-01-01 21:01:35.423179'), to_timestamp('2023-12-31 09:38:18.165575'))
----
-1

query T
SELECT DATE_DIFF(HOUR, to_timestamp('2023-12-31 09:38:18.165575'), to_timestamp('2024-01-01 21:01:35.423179'))
----
36

query T
SELECT DATE_DIFF(HOUR, to_timestamp('2024-01-01 21:01:35.423179'), to_timestamp('2023-12-31 09:38:18.165575'))
----
-36

query T
SELECT DATE_DIFF(MINUTE, to_timestamp('2023-12-31 09:38:18.165575'), to_timestamp('2024-01-01 21:01:35.423179'))
----
2123

query T
SELECT DATE_DIFF(MINUTE, to_timestamp('2024-01-01 21:01:35.423179'), to_timestamp('2023-12-31 09:38:18.165575'))
----
-2123

query T
SELECT DATE_DIFF(SECOND, to_timestamp('2023-12-31 09:38:18.165575'), to_timestamp('2024-01-01 21:01:35.423179'))
----
127397

query T
SELECT DATE_DIFF(SECOND, to_timestamp('2024-01-01 21:01:35.423179'), to_timestamp('2023-12-31 09:38:18.165575'))
----
-127397

query T
select date_sub(QUARTER, 1, to_date('2018-01-02'))
----
2017-10-02

query T
select date_trunc(month, to_date('2022-07-07'))
----
2022-07-01

query B
select EXTRACT(YEAR FROM to_datetime('2022-03-04 22:32:09')) = 2022
----
1



query B
select EXTRACT(MONTH FROM to_datetime('2022-03-04 22:32:09')) = 3
----
1



query B
select EXTRACT(DAY FROM to_datetime('2022-03-04 22:32:09')) = 4
----
1



query B
select EXTRACT(HOUR FROM to_datetime('2022-03-04 22:32:09')) = 22
----
1



query B
select EXTRACT(MINUTE FROM to_datetime('2022-03-04 22:32:09')) = 32
----
1



query B
select EXTRACT(SECOND FROM to_datetime('2022-03-04 22:32:09')) = 9
----
1



query B
select to_datetime('2022-04-01 06:50:20')   = '2022-04-01 06:50:20'
----
1



query B
select to_datetime('2022-04-01 06:50:20')   > '2022-04-01 04:50:20'
----
1



query B
select to_datetime('2022-04-01 06:50:20')   < '2022-04-02 04:50:20'
----
1

query T
select last_day(to_date('2024-10-22'), week);
----
2024-10-27

query T
select last_day(to_date('2024-10-27'), week);
----
2024-10-27

query T
select last_day(to_date('2024-02-01'), month);
----
2024-02-29

query T
select last_day(to_date('2024-02-01'), quarter);
----
2024-03-31

query T
select last_day(to_date('2024-02-01'), year);
----
2024-12-31

query T
select last_day(to_timestamp('2024-10-24 09:38:18.165575'), week);
----
2024-10-27

query T
select last_day(to_timestamp('2024-10-27 09:38:18.165575'), week);
----
2024-10-27

query T
select last_day(to_timestamp('2024-02-11 09:38:18.165575'), month);
----
2024-02-29

query T
select last_day(to_timestamp('2024-02-11 09:38:18.165575'), quarter);
----
2024-03-31

query T
select last_day(to_timestamp('2024-02-11 09:38:18.165575'), year);
----
2024-12-31

query T
select previous_day(to_date('2024-10-25'), monday);
----
2024-10-21

query T
select previous_day(to_date('2024-10-25'), friday);
----
2024-10-18

query T
select previous_day(to_date('2024-10-25'), saturday);
----
2024-10-19

query T
select previous_day(to_timestamp('2024-10-25 09:38:18.165575'), monday);
----
2024-10-21

query T
select previous_day(to_timestamp('2024-10-25 09:38:18.165575'), friday);
----
2024-10-18

query T
select previous_day(to_timestamp('2024-10-25 09:38:18.165575'), sunday);
----
2024-10-20

query T
select next_day(to_date('2024-10-25'), monday);
----
2024-10-28

query T
select next_day(to_date('2024-10-25'), friday);
----
2024-11-01

query T
select next_day(to_date('2024-10-25'), saturday);
----
2024-10-26

query T
select next_day(to_timestamp('2024-10-25 09:38:18.165575'), monday);
----
2024-10-28

query T
select next_day(to_timestamp('2024-10-25 09:38:18.165575'), friday);
----
2024-11-01

query T
select next_day(to_timestamp('2024-10-25 09:38:18.165575'), sunday);
----
2024-10-27

statement ok
drop table if exists ts

statement ok
create table ts(a DateTime(6), b DateTime, c Date)

statement ok
insert into ts values('2022-02-03 00:00:00', '2022-02-03', today())

query B
select CAST(a AS DateTime) = CAST(b as DateTime) from ts
----
1

statement ok
drop table if exists ts

statement ok
drop table if exists t

statement ok
create table t(a datetime, b DateTime(3), c Date)

statement ok
insert into t values('2022-04-02 15:10:28', '2022-04-02 15:10:28', '1000-01-01')

statement ok
insert into t values('2022-04-02 15:10:28.221', '2022-04-02 15:10:28.221', '9999-12-31')

statement ok
insert into t values('0999-04-02 15:10:28.221', '2022-04-02 15:10:28.222', '2020-10-10')

statement error 1006
insert into t values('10000-01-01 00:00:00', '2022-04-02 15:10:28.221', '2020-10-10')

statement ok
insert into t values('2022-04-02 15:10:28.221', '2022-04-02 15:10:28.223', '0999-10-10')

statement ok
insert into t values('2022-04-02T15:10:28+08:13', '2022-04-02T15:10:28.223-08:00', '2022-04-02')

statement ok
insert into t values('2022-04-02T15:10:28-08:13', '2022-04-02T15:10:28.223+08:00', '2022-04-02')


statement error 1006
insert into t values('2022-04-02 15:10:28.221', '2022-04-02 15:10:28.221', '10000-10-10')

# ignore minute offset
query TTT
select * from t order by b
----
2022-04-02 23:23:28.000000  2022-04-02 07:10:28.223000  2022-04-02
2022-04-02 15:10:28.000000  2022-04-02 15:10:28.000000  1000-01-01
2022-04-02 15:10:28.221000  2022-04-02 15:10:28.221000  9999-12-31
1000-01-01 00:00:00.000000  2022-04-02 15:10:28.222000  2020-10-10
2022-04-02 15:10:28.221000  2022-04-02 15:10:28.223000  1000-01-01
2022-04-02 06:57:28.000000  2022-04-02 23:10:28.223000  2022-04-02

statement ok
drop table t

query T
select to_string('2022-02-02', '精彩的%Y年，美丽的%mmonth,激动の%dd');
----
精彩的2022年，美丽的02month,激动の02d

query T
select str_to_date('精彩的2022年，美丽的02month,激动の02d', '精彩的%Y年，美丽的%mmonth,激动の%dd');
----
2022-02-02

query T
select to_date('精彩的2022年，美丽的02month,激动の02d', '精彩的%Y年，美丽的%mmonth,激动の%dd');
----
2022-02-02

query TTT
select date_format('2022-02-04T03:58:59', '%x'), strftime('2022-02-04T03:58:59', '%X'), strftime('2022-02-04T03:58:59', '%c')
----
2022-02-04 03:58:59 2022-02-04 03:58:59

statement error 1006
select date_format('2022-2-04T03:58:59', '%i');

statement error 1006
select date_format('', '');

statement error 1006
select date_format('2022-2-04T03:58:59', '%Y年%m月%d日，%H时%M分%S秒');

query T
select date_format('2022-02-04T03:58:59', '%Y年%m月%d日，%H时%M分%S秒');
----
2022年02月04日，03时58分59秒

query T
select str_to_timestamp('2022年02月04日，03时58分59秒', '%Y年%m月%d日，%H时%M分%S秒');
----
2022-02-04 03:58:59.000000

query T
select str_to_timestamp('2022年02月04日，8时58分59秒,时区：+0000', '%Y年%m月%d日，%H时%M分%S秒,时区：%z');
----
2022-02-04 08:58:59.000000

query T
select to_timestamp('2022年02月04日，8时58分59秒,时区：+0800', '%Y年%m月%d日，%H时%M分%S秒,时区：%z');
----
2022-02-04 00:58:59.000000

query T
select to_timestamp('2022年02月04日，8时58分59秒', '%Y年%m月%d日，%H时%M分%S秒');
----
2022-02-04 08:58:59.000000

query T
select to_timestamp('2022年02月04日，8时58分59秒', '');
----
NULL

statement error 1006
select to_timestamp('10000-09-09 01:46:39', '%Y-%m-%d %H:%M:%S');

statement error 1006
select to_timestamp('10000-09-09 01:46:39', '%Y-%m-%d %H:%M:%S');

query T
select try_to_timestamp('10000-09-09 01:46:39', '%Y-%m-%d %H:%M:%S');
----
NULL

statement error 1006
select to_date('2022-02-02', '%m');

query T
select try_to_date('2022-02-02', '%m');
----
NULL

query I
select week('2017-01-01');
----
52

query I
SELECT to_week_of_year('1900-12-31 23:59:59.999900');
----
1

query I
SELECT to_week_of_year('2016-01-02T23:39:20.123-07:00');
----
53

query T
select to_timestamp('2022-03-27 07:54:31.1234567891');
----
2022-03-27 07:54:31.123456

query T
select to_timestamp('2022-03-27 07:54:31.12345');
----
2022-03-27 07:54:31.123450

query T
select to_timestamp('2022-03-27 07:54:31.12');
----
2022-03-27 07:54:31.120000

query T
select TO_TIMESTAMP(-7233803000000+1, 6), TO_TIMESTAMP(-7233803000, 3), TO_TIMESTAMP(-7233803000000-1, 6);
----
1969-10-09 06:36:37.000001 1969-10-09 06:36:37.000000 1969-10-09 06:36:36.999999

query T
select TO_TIMESTAMP(1, 0), TO_TIMESTAMP(1, 1), TO_TIMESTAMP(1, 2), TO_TIMESTAMP(1, 3), TO_TIMESTAMP(1, 4), TO_TIMESTAMP(1, 5), TO_TIMESTAMP(1, 6);
----
1970-01-01 00:00:01.000000 1970-01-01 00:00:00.100000 1970-01-01 00:00:00.010000 1970-01-01 00:00:00.001000 1970-01-01 00:00:00.000100 1970-01-01 00:00:00.000010 1970-01-01 00:00:00.000001

query T
select TRY_TO_TIMESTAMP(1, 0), TRY_TO_TIMESTAMP(1, null);
----
1970-01-01 00:00:01.000000 NULL

query T
SELECT add_hours(to_date(710455), 1512263452497496403);
----
1000-01-01 00:00:00.000000

query T
SELECT add_hours(to_timestamp(710455), 1512263452497496403);
----
1000-01-01 00:00:00.000000

query T
SELECT add_hours(to_date(710455), 2147483647);
----
1000-01-01 00:00:00.000000

query T
SELECT add_hours(to_timestamp(710455), 2147483647);
----
1000-01-01 00:00:00.000000

statement error 1006
SELECT CAST('2001-04-20 14:42:11.123000000000000000002001-04-20 14:42:11.12300000000000000000' AS TIMESTAMP);
