query I
SELECT '1' + 1
----
2

statement error 1006
SELECT 'foo' + 1

query I
SELECT parse_json('1') + 1
----
2

query I
SELECT parse_json('"1"') + 1
----
2

query ?
SELECT parse_json('"foo"') + 1
----
NULL
