## Copyright 2023 Databend Cloud
##
## Licensed under the Elastic License, Version 2.0 (the "License");
## you may not use this file except in compliance with the License.
## You may obtain a copy of the License at
##
##     https://www.elastic.co/licensing/elastic-license
##
## Unless required by applicable law or agreed to in writing, software
## distributed under the License is distributed on an "AS IS" BASIS,
## WITHOUT WARRANTIES OR CONDITIONS OF ANY KIND, either express or implied.
## See the License for the specific language governing permissions and
## limitations under the License.

statement ok
CREATE OR REPLACE DATABASE issue_19203;

statement ok
use issue_19203

statement ok
CREATE OR REPLACE TABLE t(a string, b int autoincrement, c string as (concat(a, '-', b)) stored);

query I
insert into t(a) values('a');
----
1

statement ok
create table t1(a string);

statement ok
create table s(a string, b int);

query I
insert into s values('b', 1),('c',3),('d',5);
----
3

query II
INSERT FIRST when b>4 then into t(a) values(a) when b<3 then into t1(a) values(a) else into t(a) values(a) select * from s;
----
2 1

query TIT
select * from t order by b;
----
a 0 a-0
c 1 c-1
d 2 d-2

query T
select * from t1;
----
b

statement ok
drop database issue_19203;
