query T?I
select metadata$filename, $1, metadata$file_row_number  from @data_s3/ndjson/ts.ndjson (file_format=>'ndjson')
----
testbucket/data/ndjson/ts.ndjson {"t":1736305864} 0
testbucket/data/ndjson/ts.ndjson {"t":1736305865000} 1
testbucket/data/ndjson/ts.ndjson {"t":1736305866000000} 2

statement ok
create or replace table t(file_name string, value variant,  `row` int)

query TIITI
copy into t from (select metadata$filename, $1, metadata$file_row_number + 1  from @data_s3/ndjson/ts.ndjson) file_format=(type=ndjson)
----
ndjson/ts.ndjson 3 0 NULL NULL

query T?I
select * from t
----
testbucket/data/ndjson/ts.ndjson {"t":1736305864} 1
testbucket/data/ndjson/ts.ndjson {"t":1736305865000} 2
testbucket/data/ndjson/ts.ndjson {"t":1736305866000000} 3
