statement ok
drop table if exists cast_ndjson

statement ok
CREATE TABLE cast_ndjson (name String, tags Map(String, String))

query TIBTI
copy into cast_ndjson from @data/ndjson/cast_sample.ndjson file_format = (type = NDJSON) ON_ERROR=continue
----
ndjson/cast_sample.ndjson 3 0 NULL NULL

query TT
select * from cast_ndjson
----
data1 {"env":"test1","length":"ok"}
data2 {"env":"test2","length":"true"}
data3 {"env":"test3","length":"10"}

statement ok
CREATE OR REPLACE TABLE cast_ts_ndjson (t timestamp)

query TIBTI
copy into cast_ts_ndjson from @data/ndjson/ts.ndjson file_format = (type = NDJSON) ON_ERROR=continue
----
ndjson/ts.ndjson 3 0 NULL NULL

query T
select * from cast_ts_ndjson order by t
----
2025-01-08 03:11:04.000000
2025-01-08 03:11:05.000000
2025-01-08 03:11:06.000000

statement ok
CREATE OR REPLACE TABLE number (id Int32, value Int64, score Variant)

query TIBTI
COPY INTO number FROM @data/ndjson/numbers.ndjson file_format = (type = NDJSON) ON_ERROR=continue
----
ndjson/numbers.ndjson 3 0 NULL NULL

query IIT
SELECT * FROM number
----
1 100 1e38
2 200 -1e77
3 300 null
