statement ok
drop table if exists t1

statement ok
create table t1(a int, b int)


statement ok
set max_threads = 16

statement ok
set max_storage_io_requests = 16

onlyif mysql
query T
explain pipeline select a from t1 ignore_result
----
digraph {
    0 [ label = "BlockPartitionSource" ]
    1 [ label = "SyncReadParquetDataTransform" ]
    2 [ label = "DeserializeDataTransform" ]
    3 [ label = "EmptySink" ]
    0 -> 1 [ label = "" ]
    1 -> 2 [ label = "" ]
    2 -> 3 [ label = "" ]
}

statement ok
drop table t1

## issue #13657
statement ok
drop table if exists t4;

statement ok
drop table if exists template;

statement ok
create table template(a int);

statement ok
explain pipeline create table t4 as select * from template;

statement error 1025
select * from t4;

statement ok
create table t4(a int);

statement ok
explain pipeline create table t4 as select * from template;

statement ok
insert into template values(1);

statement ok
explain pipeline truncate table template;

query T
select * from template;
----
1
