statement ok
drop table if exists t1;

statement ok
drop table if exists t2;

statement ok
create table t1(a int, b int);

statement ok
create table t2(a int, b int);

query T
explain select * from t1 where a = 1 and a = 2;
----
EmptyResultScan

query T
explain select * from t1 where (a = 1 and b > 2) or (a = 1 and b < 100) or (a = 1 and b > 2) or (a = 1 and b < 100);
----
Filter
├── output columns: [t1.a (#0), t1.b (#1)]
├── filters: [is_true(t1.a (#0) = 1), is_true((t1.b (#1) > 2 OR t1.b (#1) < 100))]
├── estimated rows: 0.00
└── TableScan
    ├── table: default.default.t1
    ├── output columns: [a (#0), b (#1)]
    ├── read rows: 0
    ├── read size: 0
    ├── partitions total: 0
    ├── partitions scanned: 0
    ├── push downs: [filters: [and_filters(t1.a (#0) = 1, (t1.b (#1) > 2 OR t1.b (#1) < 100))], limit: NONE]
    └── estimated rows: 0.00

query T
explain select * from t1 where b > 2 or b > 2 or b < 100;
----
Filter
├── output columns: [t1.a (#0), t1.b (#1)]
├── filters: [is_true((t1.b (#1) > 2 OR t1.b (#1) < 100))]
├── estimated rows: 0.00
└── TableScan
    ├── table: default.default.t1
    ├── output columns: [a (#0), b (#1)]
    ├── read rows: 0
    ├── read size: 0
    ├── partitions total: 0
    ├── partitions scanned: 0
    ├── push downs: [filters: [is_true((t1.b (#1) > 2 OR t1.b (#1) < 100))], limit: NONE]
    └── estimated rows: 0.00

statement ok
create or replace table t1(d timestamp null, a varchar null);

statement ok
create or replace table t2(d timestamp not null, a varchar not null);

statement ok
insert into t1 select to_timestamp('2007-01-01'),  concat( '2006-01-0' ,(number % 6)::string)   from numbers(100);

statement ok
insert into t1 select to_timestamp('2007-01-01'),  concat( '2006-01-0' ,(number % 6 + 1)::string)   from numbers(100);

statement ok
insert into t2 select to_timestamp('2007-01-01'),  concat( '2006-01-0' ,(number % 6)::string)   from numbers(100);

statement ok
insert into t2 select to_timestamp('2007-01-01'),  concat( '2006-01-0' ,(number % 6 + 1)::string)   from numbers(100);

query T
explain select * from  t1 where d < a;
----
Filter
├── output columns: [t1.d (#0), t1.a (#1)]
├── filters: [is_true(t1.d (#0) < CAST(t1.a (#1) AS Timestamp NULL))]
├── estimated rows: 40.00
└── TableScan
    ├── table: default.default.t1
    ├── output columns: [d (#0), a (#1)]
    ├── read rows: 0
    ├── read size: 0
    ├── partitions total: 2
    ├── partitions scanned: 0
    ├── pruning stats: [segments: <range pruning: 2 to 0>]
    ├── push downs: [filters: [is_true(t1.d (#0) < CAST(t1.a (#1) AS Timestamp NULL))], limit: NONE]
    └── estimated rows: 200.00

query T
explain select * from  t2 where d < a;
----
Filter
├── output columns: [t2.d (#0), t2.a (#1)]
├── filters: [t2.d (#0) < CAST(t2.a (#1) AS Timestamp)]
├── estimated rows: 40.00
└── TableScan
    ├── table: default.default.t2
    ├── output columns: [d (#0), a (#1)]
    ├── read rows: 0
    ├── read size: 0
    ├── partitions total: 2
    ├── partitions scanned: 0
    ├── pruning stats: [segments: <range pruning: 2 to 0>]
    ├── push downs: [filters: [t2.d (#0) < CAST(t2.a (#1) AS Timestamp)], limit: NONE]
    └── estimated rows: 200.00
