# Test hash join build spill with empty probe
# The test mainly to test trigger spill and there is no blocking during spilling.
statement ok
set force_join_data_spill = 1;

statement ok
set disable_join_reorder = 1;

statement ok
drop table if exists t1;

statement ok
drop table if exists t2;

statement ok
create table t1(a varchar not null);

statement ok
create table t2(b varchar not null);

statement ok
insert into t1 values('a'),('b');

statement ok
insert into t2 values('a'),('b');

query TT
select a from t2 right join t1 on t1.a = t2.b order by a;
----
a
b

statement ok
drop table t1;

statement ok
drop table t2;

statement ok
drop table if exists t3;

statement ok
create table t3(a int);

query I
select * from t3 inner join numbers(100000) on t3.a = number;
----

statement ok
drop table t3;

# Test hash join with probe has data
statement ok
create table t3 as select number as a from numbers(10);

query I
select a from t3 inner join numbers(100000) on t3.a = number order by a;
----
0
1
2
3
4
5
6
7
8
9

# Test hash join with probe only has one partition
statement ok
drop table t3;

statement ok
create table t3(a int);

statement ok
insert into t3 values(0), (0), (0), (0), (0), (0), (0), (0), (0), (0);

query I
select a from t3 inner join numbers(100000) on t3.a = number order by a;
----
0
0
0
0
0
0
0
0
0
0

statement ok
set disable_join_reorder = 0;

query I
select a from t3 inner join numbers(100000) on t3.a = number order by a;
----
0
0
0
0
0
0
0
0
0
0

statement ok
set disable_join_reorder = 1;

statement ok
drop table t3;

statement ok
create table t3 as select number as a from numbers(1000000);

query I
select count() from t3 inner join numbers(1000000) on t3.a = number;
----
1000000

# build side doesn't spill actually.
query I
select count() from t3 inner join numbers(1000000) on t3.a = number;
----
1000000

statement ok
drop table t3;

statement ok
set disable_join_reorder = 0;

statement ok
set max_block_size = 512;

statement ok
drop table if exists t1;

statement ok
drop table if exists t2;

statement ok
create table t1 as select number as a from numbers(100000);

statement ok
create table t2 as select number as a from numbers(100000);

query I
select count(*) from t1, t2 where t1.a = t2.a;
----
100000

statement ok
drop table if exists t1;

statement ok
drop table if exists t2;

statement ok
set max_block_size = 65536;

statement ok
unset force_join_data_spill;
