statement ok
drop table if exists t1;

statement ok
drop table if exists t2;

statement ok
create table t1(a int null);

statement ok
insert into t1 values(0), (1), (NULL), (2);

statement ok
create table t2(b int null);

statement ok
insert into t2 values(1), (NULL), (3);

query II
select * from t1 join t2 on t1.a < t2.b order by t1.a;
----
0 1
0 3
1 3
2 3

statement ok
create or replace table t3(a string, b bool);

statement ok
insert into t3 values('1', true),('1.0', false),('2.0', true),('2.1', false);

query ITB
select * from t1 join t3 on t1.a < t3.a order by t1.a, t3.a;
----
0 1 1
0 1.0 0
0 2.0 1
0 2.1 0
1 2.0 1
1 2.1 0
2 2.1 0

query ITB
select * from t1 join t3 on t1.a < t3.b order by t1.a, t3.a;
----
0 1 1
0 2.0 1

statement ok
drop table t1;

statement ok
drop table t2;

statement ok
drop table t3;
