query 
select * from @data/parquet/tuple.parquet;
----
1 (1,'a')
2 (3,'b')
3 (3,'c')

query 
select * from @data/parquet/tuple.parquet where t:a = 1;
----
1 (1,'a')

query 
select * from @data/parquet/tuple.parquet where t:a = id;
----
1 (1,'a')
3 (3,'c')

query 
select * from @data/parquet/tuple.parquet where t:a >= 2;
----
2 (3,'b')
3 (3,'c')

query 
select t:b from @data/parquet/tuple.parquet where t:a >= 2;
----
b
c

query 
select t:b from @data/parquet/tuple.parquet
----
a
b
c

query 
select id, t:a, t from @data/parquet/tuple.parquet
----
1 1 (1,'a')
2 3 (3,'b')
3 3 (3,'c')

query 
select id, t:a, t from @data/parquet/tuple.parquet where id > 2
----
3 3 (3,'c')

query 
select id, t:a, t from @data/parquet/tuple.parquet where to_string(t:b) < 'c'
----
1 1 (1,'a')
2 3 (3,'b')

query 
select meta from @data/parquet/complex.parquet limit 3
----
NULL
(NULL,NULL,NULL,NULL,NULL,['http://hl7.org/fhir/us/core/StructureDefinition/us-core-patient'],NULL,NULL)
(NULL,NULL,NULL,NULL,NULL,['http://hl7.org/fhir/us/core/StructureDefinition/us-core-patient'],NULL,NULL)

query 
select name from @data/parquet/complex.parquet limit 3
----
[(NULL,NULL,'official','Jennifer Infection Control','Infection Control',['Jennifer'],NULL,NULL,NULL),(NULL,NULL,'usual','Jennifer Infection Control','Infection Control',['Jennifer'],NULL,NULL,NULL)]
[(NULL,NULL,'official',NULL,'Quigley282',['Wilmer32'],['Mr.'],NULL,NULL)]
[(NULL,NULL,'official',NULL,'Collier206',['Towanda270'],['Mrs.'],NULL,NULL),(NULL,NULL,'maiden',NULL,'Mayer370',['Towanda270'],['Mrs.'],NULL,NULL)]

query 
select meta.2, meta.6 from @data/parquet/complex.parquet limit 3
----
NULL NULL
NULL ['http://hl7.org/fhir/us/core/StructureDefinition/us-core-patient']
NULL ['http://hl7.org/fhir/us/core/StructureDefinition/us-core-patient']

query 
select name from @data/parquet/complex.parquet limit 3
----
[(NULL,NULL,'official','Jennifer Infection Control','Infection Control',['Jennifer'],NULL,NULL,NULL),(NULL,NULL,'usual','Jennifer Infection Control','Infection Control',['Jennifer'],NULL,NULL,NULL)]
[(NULL,NULL,'official',NULL,'Quigley282',['Wilmer32'],['Mr.'],NULL,NULL)]
[(NULL,NULL,'official',NULL,'Collier206',['Towanda270'],['Mrs.'],NULL,NULL),(NULL,NULL,'maiden',NULL,'Mayer370',['Towanda270'],['Mrs.'],NULL,NULL)]

query 
select name[1] from @data/parquet/complex.parquet limit 3
----
(NULL,NULL,'official','Jennifer Infection Control','Infection Control',['Jennifer'],NULL,NULL,NULL)
(NULL,NULL,'official',NULL,'Quigley282',['Wilmer32'],['Mr.'],NULL,NULL)
(NULL,NULL,'official',NULL,'Collier206',['Towanda270'],['Mrs.'],NULL,NULL)

query 
select name[1].5 from @data/parquet/complex.parquet limit 3
----
Infection Control
Quigley282
Collier206

query 
select name[2].6 from @data/parquet/complex.parquet limit 3
----
['Jennifer']
NULL
['Towanda270']

# the physical type of column t_timestamp is INT96
query 
select * from infer_schema (location => '@data/parquet/int96.parquet')
----
id VARCHAR 1 parquet/int96.parquet 0
t_bool BOOLEAN 1 parquet/int96.parquet 1
t_float FLOAT 1 parquet/int96.parquet 2
t_double DOUBLE 1 parquet/int96.parquet 3
t_timestamp TIMESTAMP 1 parquet/int96.parquet 4
t_data DATE 1 parquet/int96.parquet 5
t_array ARRAY(INT32) 1 parquet/int96.parquet 6

# the physical type of column t_timestamp is INT96
query 
select t_timestamp from @data/parquet/int96.parquet order by t_timestamp
----
2021-09-20 16:00:00.000000
2021-09-21 16:00:00.000000
2021-10-09 16:00:00.000000
NULL

# the physical type of column t_timestamp is INT96
query 
select t_timestamp from @data/parquet/int96.parquet  where id < '100051135' order by t_timestamp
----
2021-09-20 16:00:00.000000
2021-09-21 16:00:00.000000
2021-10-09 16:00:00.000000

statement ok
drop table if exists t

statement ok
create table t(id string null, t_bool boolean null, t_float float null, t_double double null, t_timestamp timestamp null, t_data date null, t_array array(int null))

query 
copy into t from @data/parquet/int96.parquet
----
parquet/int96.parquet 4 0 NULL NULL

query 
select * from t order by id
----
100051130 1 1.000003 10.000000000003 2021-09-20 16:00:00.000000 2021-09-21 [0,0,1,2,2,3]
100051133 0 1.0 2.002 2021-09-21 16:00:00.000000 2021-09-22 [4,3,1,2,0,0]
100051134 1 1.1 2.2 2021-10-09 16:00:00.000000 2021-10-10 [6,6,6]
100051135 NULL NULL NULL NULL NULL [10]

statement ok
drop table if exists t1

statement ok
create table t1(id string null, t variant null)

query 
copy into t1 from @data/parquet/tuple.parquet
----
parquet/tuple.parquet 3 0 NULL NULL

query 
select * from t1 order by id
----
1 {"a":1,"b":"a"}
2 {"a":3,"b":"b"}
3 {"a":3,"b":"c"}

statement ok
drop table if exists t2

statement ok
create table t2(a string null, b variant null)

query TIITI
copy into t2 from (select a, parse_json(b) from @data/parquet/json_string.parquet)
----
parquet/json_string.parquet 4 0 NULL NULL

query TT
select * from t2 order by a
----
1 {"k1":"v1","k2":"v2"}
2 {"k":{"k1":123,"k2":456}}
3 [1,2,3]
4 ["a","b"]

statement error 1006
copy into t2 from @data/parquet/invalid_json_string.parquet FILE_FORMAT = (type = PARQUET) disable_variant_check = false ON_ERROR = CONTINUE

query TIITI
copy into t2 from @data/parquet/invalid_json_string.parquet FILE_FORMAT = (type = PARQUET) disable_variant_check = true ON_ERROR = CONTINUE
----
parquet/invalid_json_string.parquet 2 0 NULL NULL

query TT
select * from t2 order by a
----
1 {"k1":"v1","k2":"v2"}
2 {"k":{"k1":123,"k2":456}}
3 [1,2,3]
4 ["a","b"]
5 {"k":"v"}
6 null
