query 
select * from @data/parquet/alltypes_plain.parquet (pattern => '')
----
4 1 0 0 0 0 0.0 0.0 03/01/09 0 2009-03-01 00:00:00.000000
5 0 1 1 1 10 1.1 10.1 03/01/09 1 2009-03-01 00:01:00.000000
6 1 0 0 0 0 0.0 0.0 04/01/09 0 2009-04-01 00:00:00.000000
7 0 1 1 1 10 1.1 10.1 04/01/09 1 2009-04-01 00:01:00.000000
2 1 0 0 0 0 0.0 0.0 02/01/09 0 2009-02-01 00:00:00.000000
3 0 1 1 1 10 1.1 10.1 02/01/09 1 2009-02-01 00:01:00.000000
0 1 0 0 0 0 0.0 0.0 01/01/09 0 2009-01-01 00:00:00.000000
1 0 1 1 1 10 1.1 10.1 01/01/09 1 2009-01-01 00:01:00.000000

query 
select id from  @data/parquet/alltypes_plain.parquet (pattern=>'') where tinyint_col = 0 order by timestamp_col limit 5
----
0
2
4
6

statement ok
drop view if exists view_parquet

statement ok
create view view_parquet as select * from @data/parquet/alltypes_plain.parquet  (FILE_FORMAT=>'parquet', pattern=>'')

query 
select * from view_parquet
----
4 1 0 0 0 0 0.0 0.0 03/01/09 0 2009-03-01 00:00:00.000000
5 0 1 1 1 10 1.1 10.1 03/01/09 1 2009-03-01 00:01:00.000000
6 1 0 0 0 0 0.0 0.0 04/01/09 0 2009-04-01 00:00:00.000000
7 0 1 1 1 10 1.1 10.1 04/01/09 1 2009-04-01 00:01:00.000000
2 1 0 0 0 0 0.0 0.0 02/01/09 0 2009-02-01 00:00:00.000000
3 0 1 1 1 10 1.1 10.1 02/01/09 1 2009-02-01 00:01:00.000000
0 1 0 0 0 0 0.0 0.0 01/01/09 0 2009-01-01 00:00:00.000000
1 0 1 1 1 10 1.1 10.1 01/01/09 1 2009-01-01 00:01:00.000000

query 
select id from view_parquet where tinyint_col = 0 order by timestamp_col limit 5
----
0
2
4
6

query
select line_item_usage_start_date from @data/parquet/no-stats.parquet (pattern => '') order by line_item_usage_start_date limit 2
----
2024-09-11 06:00:00.000000
2024-09-11 06:00:00.000000

query I
select count() from @data/parquet/no-stats.parquet (pattern => '') where line_item_usage_start_date >= '2024-09-11 06:00:00'
----
25825

query I
select count() from @data/parquet/no-stats.parquet (pattern => '') where line_item_usage_start_date < '2024-09-11 06:00:00'
----
0
