statement ok
DROP FUNCTION IF EXISTS isnotempty

statement ok
CREATE FUNCTION isnotempty AS(p) -> not(is_null(p))

statement ok
CREATE FUNCTION IF NOT EXISTS isnotempty AS(p) -> not(is_null(p))

statement error 2603
CREATE FUNCTION isnotempty AS(p) -> not(is_null(p))

statement ok
DROP FUNCTION IF EXISTS isnotempty_with_desc

statement ok
CREATE FUNCTION isnotempty_with_desc AS(p) -> not(is_null(p)) DESC = 'This is a description'

statement ok
CREATE FUNCTION IF NOT EXISTS isnotempty_with_desc AS(p) -> not(is_null(p)) DESC = 'This is a description'

statement error 2603
CREATE FUNCTION isnotempty_with_desc AS(p) -> not(is_null(p)) DESC = 'This is a description'

statement ok
DROP FUNCTION IF EXISTS with_lambda

statement ok
CREATE FUNCTION with_lambda AS(list) -> array_filter(list, x -> x > 2)

statement ok
CREATE FUNCTION IF NOT EXISTS with_lambda AS(list) -> array_filter(list, x -> x > 2)

statement error 2603
CREATE FUNCTION with_lambda AS(list) -> array_filter(list, x -> x > 2)

statement ok
DROP TABLE IF EXISTS array_int64_table

statement ok
CREATE TABLE IF NOT EXISTS array_int64_table(arr ARRAY(INT64))

statement ok
INSERT INTO array_int64_table VALUES ([1, 2, 3, 4]), ([5, 6, 7, 8])

query ?
SELECT with_lambda(arr) from array_int64_table
----
[3,4]
[5,6,7,8]

statement error 1005
CREATE FUNCTION with_lambda as (list) -> array_filter(list, x -> y > 2);

statement ok
DROP FUNCTION IF EXISTS with_lambda

statement ok
DROP FUNCTION isnotempty

statement ok
DROP FUNCTION isnotempty_with_desc

statement ok
DROP FUNCTION IF EXISTS isnotempty_test_replace;

statement error 1005
CREATE OR REPLACE FUNCTION IF NOT EXISTS isnotempty_test_replace AS(p) -> not(is_null(p));

statement ok
CREATE OR REPLACE FUNCTION isnotempty_test_replace AS(p) -> not(is_null(p));

statement ok
CREATE OR REPLACE FUNCTION isnotempty_test_replace AS(p) -> not(is_null(p))  DESC = 'This is a description';

statement ok
DROP FUNCTION IF EXISTS isnotempty_test_replace;

statement ok
create or replace function SOME_NAME as (x) -> x * x

query I
SELECT SOME_NAME(2)
----
4

query I
SELECT some_name(2)
----
4

statement ok
alter function SOME_NAME as (x) -> x * x + 1

query I
SELECT SOME_NAME(2)
----
5

query I
SELECT some_name(2)
----
5

statement ok
drop function SOME_NAME

statement ok
create or replace function `SOME_NAME` as (x) -> x * x

query I
SELECT `SOME_NAME`(2)
----
4

statement error 1008
SELECT SOME_NAME(2)

statement error 1008
SELECT `some_name`(2)

statement ok
alter function `SOME_NAME` as (x) -> x * x + 1

query I
SELECT `SOME_NAME`(2)
----
5


statement ok
create or replace function SOME_NAME as (d) -> date_diff(year, d ,now());

statement ok
select SOME_NAME(now());

statement ok
drop function `SOME_NAME`

statement ok
CREATE FUNCTION isnotempty AS(p INT) -> not(is_null(p))

statement ok
drop function isnotempty

statement ok
CREATE FUNCTION gcd (a INT, b INT) RETURNS BIGINT LANGUAGE javascript HANDLER = 'gcd_js' AS $$
        export function gcd_js(a, b) {
                while (b != 0) {
                    let t = b;
                    b = a % b;
                    a = t;
                }
                return a;
            }
$$

statement ok
drop function gcd

statement ok
CREATE or REPLACE FUNCTION weighted_avg (a INT, b INT) STATE {sum INT, weight INT} RETURNS FLOAT
LANGUAGE javascript AS $$
export function create_state() {
    return {sum: 0, weight: 0};
}
export function accumulate(state, value, weight) {
    state.sum += value * weight;
    state.weight += weight;
    return state;
}
export function retract(state, value, weight) {
    state.sum -= value * weight;
    state.weight -= weight;
    return state;
}
export function merge(state1, state2) {
    state1.sum += state2.sum;
    state1.weight += state2.weight;
    return state1;
}
export function finish(state) {
    return state.sum / state.weight;
}
$$;

statement ok
drop function weighted_avg
