statement error 2204
DROP ROLE `test-b`

statement ok
DROP ROLE IF EXISTS `test-b`

statement ok
CREATE ROLE `test-b`

onlyif mysql
statement ok
SET ROLE `test-b`;

onlyif mysql
query T
SELECT current_role();
----
test-b

statement ok
DROP ROLE `test-b`

onlyif mysql
query T
SELECT current_role();
----
(empty)

statement error 2204
DROP ROLE `test-b`

statement ok
DROP ROLE IF EXISTS `test-b`

