statement ok
DROP ROLE IF EXISTS test

statement ok
DROP ROLE IF EXISTS `test-role`

statement ok
DROP USER IF EXISTS 'test-user'

statement ok
DROP ROLE IF EXISTS role1

statement ok
DROP ROLE IF EXISTS role2

statement ok
DROP ROLE IF EXISTS role3

statement error 2204
GRANT ROLE test TO 'test-user'

statement ok
CREATE ROLE test

query T
select created_on=update_on from system.roles where name='test';
----
1

statement error 2201
GRANT ROLE test TO 'test-user'

statement ok
CREATE USER 'test-user' IDENTIFIED BY 'password'

query T
select created_on=update_on from system.users where name='test-user';
----
1

statement ok
GRANT ROLE test TO 'test-user'

query T
select created_on=update_on from system.users where name='test-user';
----
0

statement error 2204
GRANT ROLE test TO ROLE `test-role`

statement ok
CREATE ROLE `test-role`

query T
select created_on=update_on from system.roles where name='test-role';
----
1

statement ok
GRANT ROLE test TO ROLE `test-role`

query T
select created_on=update_on from system.roles where name='test-role';
----
0

statement ok
CREATE ROLE IF NOT EXISTS role1

statement ok
CREATE ROLE IF NOT EXISTS role2

statement ok
CREATE ROLE IF NOT EXISTS role3

statement ok
GRANT ROLE role1 TO ROLE role2

statement ok
GRANT ROLE role2 TO ROLE role3

statement ok
GRANT ROLE test TO ROLE role3

query TTTT
show roles
----
account_admin 0 (empty) 1 1
public 0 (empty) 0 0
role1 0 (empty) 0 0
role2 1 role1 0 0
role3 2 role2, test 0 0
test 0 (empty) 0 0
test-role 1 test 0 0

query TTT
select name, inherited_roles, inherited_roles_name from system.roles order by name;
----
account_admin 0 (empty)
public 0 (empty)
role1 0 (empty)
role2 1 role1
role3 2 role2, test
test 0 (empty)
test-role 1 test

statement error 2206
GRANT ROLE role3 TO ROLE role1

statement ok
DROP ROLE test

statement ok
DROP ROLE `test-role`

statement ok
DROP USER 'test-user'

statement ok
create or replace table t(id int);

statement ok
create or replace database db1;

statement ok
create or replace stage s1;

statement ok
create or replace FUNCTION isnotempty AS(p) -> not(is_null(p));

statement ok
grant select on default.t to role role3;

statement ok
grant all on db1.* to role role2;

statement ok
grant all on db1.* to role role3;

statement ok
grant read on stage s1 to role role2;

statement ok
drop user if exists u_05_0017;

statement ok
create user u_05_0017 identified by '123';

statement ok
grant usage on udf isnotempty to u_05_0017;

statement ok
grant usage on udf  isnotempty to role role2;

statement ok
grant usage on udf  isnotempty to role role3;

query TT
show grants on udf isnotempty;
----
USAGE isnotempty NULL ROLE role2 (empty)
USAGE isnotempty NULL ROLE role3 (empty)
OWNERSHIP isnotempty NULL ROLE account_admin (empty)

query TT
show grants on udf isnotempty where name!='role2' limit 1;
----
USAGE isnotempty NULL ROLE role3 (empty)

query TT
show grants on stage s1;
----
Read s1 NULL ROLE role2 (empty)
OWNERSHIP s1 NULL ROLE account_admin (empty)

query TT
select * EXCLUDE(object_id) from show_grants('database', 'db1', 'default');
----
CREATE,SELECT,INSERT,UPDATE,DELETE,DROP,ALTER,GRANT db1 ROLE role2 (empty)
CREATE,SELECT,INSERT,UPDATE,DELETE,DROP,ALTER,GRANT db1 ROLE role3 (empty)
OWNERSHIP db1 ROLE account_admin (empty)

query TT
select * EXCLUDE(object_id) from show_grants('table', 't', 'default', 'default');
----
SELECT t ROLE role3 (empty)
OWNERSHIP t ROLE account_admin (empty)

statement ok
DROP ROLE role1

statement ok
DROP ROLE role2

statement ok
DROP ROLE role3

statement ok
drop stage if exists s1;

statement ok
drop database if exists db1;

statement ok
drop table if exists t;

statement ok
drop function if exists isnotempty;

statement ok
drop user if exists u_05_0017;

statement ok
drop user if exists 'u@05_0017';

statement ok
create user 'u@05_0017' identified by '123';

statement ok
show grants for 'u@05_0017';

statement ok
drop user if exists 'u@05_0017';

statement ok
drop role if exists role1;

statement ok
drop role if exists role2;

statement ok
create role role1;

statement ok
create role role2;

statement ok
grant usage on warehouse a to role role1;

statement ok
grant usage on warehouse b to role role1;

statement error 2217
grant usage on warehouse a to role role2;

statement ok
grant usage on warehouse c to role role2;

statement ok
drop user if exists u1;

statement ok
create user u1 identified by '123';

statement error 2218
grant usage on warehouse a to u1;

statement ok
drop user if exists u1;

statement ok
drop role if exists role1;

statement ok
drop role if exists role2;
