statement ok
USE default

statement ok
set sql_dialect = 'PostgreSQL'

statement ok
DROP TABLE IF EXISTS `05_0028_at_t0`

statement ok
DROP TABLE IF EXISTS `05_0028_at_t0_1`

statement ok
DROP TABLE IF EXISTS `05_0028_at_t0_2`

statement ok
DROP TABLE IF EXISTS `05_0028_at_t0_3`

statement ok
CREATE TABLE `05_0028_at_t0`(a int not null, b Tuple(Bool, Int64, Float64, String, Date, Timestamp) not null, c Array(UInt8) not null, d double not null)

statement ok
INSERT INTO TABLE `05_0028_at_t0` values(1,(true, 100, 12.34, 'abc', '2020-01-01', '2020-01-01 00:00:00'),[101,2],4.0)

query ITIF
SELECT * FROM `05_0028_at_t0`
----
1 (1,100,12.34,'abc','2020-01-01','2020-01-01 00:00:00.000000') [101,2] 4.0

statement ok
create table `05_0028_at_t0_1`(a int not null, b Tuple(Bool, Int64, Float64, String, Date, Timestamp) not null, c Array(UInt8) not null, "s-f_f" double not null) AS SELECT * FROM `05_0028_at_t0`;

query ITIF
SELECT * FROM `05_0028_at_t0_1`
----
1 (1,100,12.34,'abc','2020-01-01','2020-01-01 00:00:00.000000') [101,2] 4.0

statement ok
alter table `05_0028_at_t0_1` drop column "s-f_f"

query ITI
SELECT * FROM `05_0028_at_t0_1`
----
1 (1,100,12.34,'abc','2020-01-01','2020-01-01 00:00:00.000000') [101,2]

statement ok
DROP TABLE IF EXISTS `05_0028_at_t0_1`

statement ok
ALTER TABLE `05_0028_at_t0` DROP COLUMN a

statement ok
create table `05_0028_at_t0_2`(b Tuple(Bool, Int64, Float64, String, Date, Timestamp) not null, c Array(UInt8) not null, d double not null) AS SELECT * FROM `05_0028_at_t0`;

query FIII
SELECT d,b.1,c,b.2 FROM `05_0028_at_t0_2`
----
4.0 1 [101,2] 100

statement ok
DROP TABLE IF EXISTS `05_0028_at_t0_2`

query FIIIF
SELECT d,b.1,c,b.2,b.3 FROM `05_0028_at_t0`
----
4.0 1 [101,2] 100 12.34

query TIF
SELECT * FROM `05_0028_at_t0`
----
(1,100,12.34,'abc','2020-01-01','2020-01-01 00:00:00.000000') [101,2] 4.0

statement ok
ALTER TABLE `05_0028_at_t0` DROP COLUMN b

query IF
SELECT * FROM `05_0028_at_t0`
----
[101,2] 4.0

statement ok
ALTER TABLE `05_0028_at_t0` DROP COLUMN d

query I
SELECT * FROM `05_0028_at_t0`
----
[101,2]

statement error 1109
ALTER TABLE `05_0028_at_t0` DROP COLUMN c

statement error 1108
ALTER TABLE `05_0028_at_t0` ADD COLUMN c float not null

statement ok
ALTER TABLE `05_0028_at_t0` ADD COLUMN a float not null default 101

statement ok
INSERT INTO TABLE `05_0028_at_t0` values([4,5],5.0)

query IF
SELECT * FROM `05_0028_at_t0` order by a
----
[4,5] 5.0
[101,2] 101.0

statement ok
ALTER TABLE `05_0028_at_t0` ADD COLUMN b Tuple(double, int) not null default (202.0, 13)

statement ok
ALTER TABLE `05_0028_at_t0` ADD COLUMN e int not null

statement ok
INSERT INTO TABLE `05_0028_at_t0` values([9,10],6.0,(111.0,2),202)

query IFTI
SELECT * FROM `05_0028_at_t0` order by a
----
[4,5] 5.0 (202.0,13) 0
[9,10] 6.0 (111.0,2) 202
[101,2] 101.0 (202.0,13) 0

statement ok
ALTER TABLE `05_0028_at_t0` DROP COLUMN c

query FTI
SELECT * FROM `05_0028_at_t0` order by a
----
5.0 (202.0,13) 0
6.0 (111.0,2) 202
101.0 (202.0,13) 0

query FFI
SELECT b.1,a,b.2 FROM `05_0028_at_t0` order by a
----
202.0 5.0 13
111.0 6.0 2
202.0 101.0 13

statement ok
ALTER TABLE `05_0028_at_t0` DROP COLUMN e

query FT
SELECT * FROM `05_0028_at_t0` order by a
----
5.0 (202.0,13)
6.0 (111.0,2)
101.0 (202.0,13)

statement ok
ALTER TABLE `05_0028_at_t0` ADD COLUMN t Tuple(a Tuple(m Int64, n double), b Tuple(x Int64, y Int64)) not null default ((1,2.0),(3,4))

query FTT
SELECT * FROM `05_0028_at_t0` order by a
----
5.0 (202.0,13) ((1,2.0),(3,4))
6.0 (111.0,2) ((1,2.0),(3,4))
101.0 (202.0,13) ((1,2.0),(3,4))

statement ok
INSERT INTO TABLE `05_0028_at_t0` (a,t) values(102.0,((3,4.0),(5,6)))

query TIFTII
SELECT t:a,t:a:m,t:a:n,t:b,t:b:x,t:b:y FROM `05_0028_at_t0` order by t:a:m
----
(1,2.0) 1 2.0 (3,4) 3 4
(1,2.0) 1 2.0 (3,4) 3 4
(1,2.0) 1 2.0 (3,4) 3 4
(3,4.0) 3 4.0 (5,6) 5 6

statement ok
ALTER TABLE `05_0028_at_t0` ADD COLUMN m Map(Int64, String) not null default map([1],['ab']);

statement ok
INSERT INTO TABLE `05_0028_at_t0` (a, m) values(1.0, {2:'mn'})

query FTTT
SELECT * FROM `05_0028_at_t0` order by a
----
1.0 (202.0,13) ((1,2.0),(3,4)) {2:'mn'}
5.0 (202.0,13) ((1,2.0),(3,4)) {1:'ab'}
6.0 (111.0,2) ((1,2.0),(3,4)) {1:'ab'}
101.0 (202.0,13) ((1,2.0),(3,4)) {1:'ab'}
102.0 (202.0,13) ((3,4.0),(5,6)) {1:'ab'}

statement ok
DROP TABLE IF EXISTS `05_0028_at_t0`

statement ok
DROP TABLE IF EXISTS `05_0028_at_t0_3`

statement ok
DROP TABLE IF EXISTS `05_0028_at_t0_4`

statement ok
CREATE TABLE `05_0028_at_t0_3`(c int not null)

statement ok
insert into `05_0028_at_t0_3` values(1)

statement ok
ALTER TABLE `05_0028_at_t0_3` ADD COLUMN a float not null default 0.1 COMMENT 'first' FIRST

query TT
SHOW CREATE TABLE `05_0028_at_t0_3`
----
05_0028_at_t0_3 CREATE TABLE "05_0028_at_t0_3" ( a FLOAT NOT NULL DEFAULT 0.1 COMMENT 'first', c INT NOT NULL ) ENGINE=FUSE

statement ok
insert into `05_0028_at_t0_3` values(0.2, 2)

statement ok
ALTER TABLE `05_0028_at_t0_3` ADD COLUMN b string not null default 'b' COMMENT 'second' AFTER a

query TT
SHOW CREATE TABLE `05_0028_at_t0_3`
----
05_0028_at_t0_3 CREATE TABLE "05_0028_at_t0_3" ( a FLOAT NOT NULL DEFAULT 0.1 COMMENT 'first', b VARCHAR NOT NULL DEFAULT 'b' COMMENT 'second', c INT NOT NULL ) ENGINE=FUSE

statement ok
insert into `05_0028_at_t0_3` values(0.3, 'a', 3)

query III
SELECT a,b,c FROM `05_0028_at_t0_3` order by a
----
0.1 b 1
0.2 b 2
0.3 a 3

statement ok
ALTER TABLE `05_0028_at_t0_3` DROP COLUMN b

query TT
SHOW CREATE TABLE `05_0028_at_t0_3`
----
05_0028_at_t0_3 CREATE TABLE "05_0028_at_t0_3" ( a FLOAT NOT NULL DEFAULT 0.1 COMMENT 'first', c INT NOT NULL ) ENGINE=FUSE

statement ok
insert into `05_0028_at_t0_3` values(0.4, 4)

query II
SELECT a,c FROM `05_0028_at_t0_3` order by a
----
0.1 1
0.2 2
0.3 3
0.4 4

statement ok
ALTER TABLE `05_0028_at_t0_3` ADD COLUMN d int not null AFTER c

statement ok
CREATE TABLE `05_0028_at_t0_4` AS SELECT a,d FROM `05_0028_at_t0_3`

statement ok
ALTER TABLE `05_0028_at_t0_4` ADD COLUMN e int COMMENT 'end'

statement ok
ALTER TABLE `05_0028_at_t0_4` MODIFY COLUMN d uint64 COMMENT 'middle'

query TT
SHOW CREATE TABLE `05_0028_at_t0_4`
----
05_0028_at_t0_4 CREATE TABLE "05_0028_at_t0_4" ( a FLOAT NULL, d BIGINT UNSIGNED NULL COMMENT 'middle', e INT NULL COMMENT 'end' ) ENGINE=FUSE

query IIT
SELECT * FROM `05_0028_at_t0_4` order by a
----
0.1 0 NULL
0.2 0 NULL
0.3 0 NULL
0.4 0 NULL

statement ok
ALTER TABLE `05_0028_at_t0_4` ADD COLUMN f string not null DEFAULT uuid()

query I
SELECT uniq(f) FROM `05_0028_at_t0_4`
----
4

statement ok
DROP TABLE IF EXISTS `05_0028_at_t0_3`

statement ok
DROP TABLE IF EXISTS `05_0028_at_t0_4`
