statement ok
USE default

statement ok
DROP TABLE IF EXISTS `05_0031_t`

statement ok
CREATE TABLE `05_0031_t`(a int, b int default 2)

statement error 1110
ALTER TABLE `05_0031_t` ADD COLUMN _row_id float

statement error 1110
CREATE TABLE `05_0031_t_1`(_row_id int)

statement ok
INSERT INTO TABLE `05_0031_t` (a) values(1),(2)

statement ok
INSERT INTO TABLE `05_0031_t` (a) values(3)

query I
SELECT _row_id FROM `05_0031_t` where b > 0 order by _row_id
----
18446735277616529408
18446735277616529409
18446739675663040512

query III
SELECT b,_row_id,a FROM `05_0031_t` order by _row_id
----
2 18446735277616529408 1
2 18446735277616529409 2
2 18446739675663040512 3

query II
SELECT a,_row_id FROM `05_0031_t` where _row_id = 18446735277616529408
----
1 18446735277616529408

statement ok
DROP TABLE IF EXISTS `05_0031_t_1`

statement ok
CREATE TABLE `05_0031_t_1`(c int)

statement ok
INSERT INTO TABLE `05_0031_t_1` values(5),(6)

query II
SELECT a,`05_0031_t_1`._row_id FROM `05_0031_t` NATURAL JOIN `05_0031_t_1` order by a, `05_0031_t_1`._row_id;
----
1 18446739675663040512
1 18446739675663040513
2 18446739675663040512
2 18446739675663040513
3 18446739675663040512
3 18446739675663040513

query III
SELECT a, `05_0031_t`._row_id, `05_0031_t_1`._row_id FROM `05_0031_t`, `05_0031_t_1` order by a, `05_0031_t`._row_id;
----
1 18446735277616529408 18446739675663040512
1 18446735277616529408 18446739675663040513
2 18446735277616529409 18446739675663040512
2 18446735277616529409 18446739675663040513
3 18446739675663040512 18446739675663040512
3 18446739675663040512 18446739675663040513

# issue #11126
# ===============

statement ok
create or replace table t_11126(a Int64)

statement ok
insert into t_11126 select * from numbers(100);

query II
select a, _row_id from t_11126 order by a desc limit 5;
----
99 18446739675663040611
98 18446739675663040610
97 18446739675663040609
96 18446739675663040608
95 18446739675663040607

# issue 17327

query IR
with tt as (select sum(a) as a from t_11126) select t_11126._row_id, t_11126.a/tt.a from t_11126, tt limit 5;
----
18446739675663040512 0.0
18446739675663040513 0.00020202020202020202
18446739675663040514 0.00040404040404040404
18446739675663040515 0.0006060606060606061
18446739675663040516 0.0008080808080808081

query IR
with tt as (select sum(a) as a from t_11126) select t_11126._row_id, t_11126.a/tt.a from tt, t_11126 limit 5;
----
18446739675663040512 0.0
18446739675663040513 0.00020202020202020202
18446739675663040514 0.00040404040404040404
18446739675663040515 0.0006060606060606061
18446739675663040516 0.0008080808080808081

statement ok
drop table t_11126

# ===============

# issue #11772

statement ok
drop table if exists t_11772_1;

statement ok
drop table if exists t_11772_2;

statement ok
create table t_11772_1(a Int64, b Int64);

statement ok
create table t_11772_2(a Int64);

statement ok
select t_11772_2._row_id from t_11772_1, t_11772_2;

statement error 1065
select _row_id from t_11772_1, t_11772_2;

statement ok
drop table t_11772_1;

statement ok
drop table t_11772_2;
