onlyif mysql
query TTTT
SELECT name, value, default, level from system.settings where name in ('sql_dialect', 'timezone')
----
sql_dialect PostgreSQL PostgreSQL DEFAULT
timezone UTC UTC DEFAULT

onlyif mysql
statement ok
SET GLOBAL sql_dialect='MySQL'

onlyif mysql
statement ok
SET GLOBAL timezone='Asia/Shanghai'

onlyif mysql
query TTTT
SELECT name, value, default, level from system.settings where name in ('sql_dialect', 'timezone')
----
sql_dialect  MySQL  PostgreSQL  GLOBAL
timezone  Asia/Shanghai  UTC  GLOBAL

onlyif mysql
statement ok
UNSET (timezone)

onlyif mysql
statement error 2801
UNSET stl_dialect

onlyif mysql
statement ok
UNSET sql_dialect

onlyif mysql
query TTTT
SELECT name, value, default, level from system.settings where name in ('sql_dialect', 'timezone')
----
sql_dialect PostgreSQL PostgreSQL DEFAULT
timezone UTC UTC DEFAULT
