query T
select $1 from @data (files=>( 'empty.txt'), file_format=>'csv')
----

query T
select $1 from @data (files=>('csv/it.csv', 'empty.txt'), file_format=>'csv')
----
1
2

query I
select id from @data (files=>('parquet/ii/f2.parquet', 'empty.txt'), file_format=>'parquet');
----
3
4

statement ok
create or replace table t (c1 int, id string);

query TIITI
copy into t(c1) from  @data files=('parquet/ii/f2.parquet', 'empty.txt') file_format=(type='parquet')
----
parquet/ii/f2.parquet 2 0 NULL NULL

query IT
select * from t
----
3 NULL
4 NULL

query TIITI
copy into t from  @data files=('csv/it.csv', 'empty.txt') file_format=(type='csv')
----
csv/it.csv 2 0 NULL NULL

query IT
select * from t order by c1
----
1 b
2 d
3 NULL
4 NULL

query T
select name from list_stage(location=>'@data', pattern=>'emp.*')
----
empty.txt
