statement ok
DROP TABLE if exists stock

statement ok
CREATE TABLE stock (item TEXT, quantity INT)

statement ok
INSERT into stock VALUES ('cups', 10), ('plates', 15), ('forks', 30)

query TI
SELECT * FROM stock
----
cups 10
plates 15
forks 30

statement ok
DROP TABLE if exists runningOut

statement ok
CREATE TABLE runningOut AS SELECT * FROM stock WHERE quantity < 12

query TI
SELECT * FROM runningOut
----
cups 10

query TI
SELECT * FROM runningOut
----
cups 10

statement ok
DROP TABLE IF EXISTS itemColors

statement ok
CREATE TABLE itemColors (color TEXT)

statement ok
INSERT INTO itemColors VALUES ('blue'), ('red'), ('green')

query T
SELECT * FROM  itemColors
----
blue
red
green

statement ok
CREATE DATABASE IF NOT EXISTS smtng

statement ok
DROP TABLE IF EXISTS smtng.something

statement ok
CREATE TABLE smtng.something AS SELECT * FROM stock

query TI
SELECT * FROM smtng.something
----
cups 10
plates 15
forks 30

statement ok
CREATE TABLE IF NOT EXISTS smtng.something AS SELECT * FROM stock

query TI
SELECT * FROM smtng.something ORDER BY 1 LIMIT 1
----
cups 10

statement ok
CREATE or REPLACE TABLE itemTypes AS (SELECT item, color FROM stock, itemColors)

statement ok
CREATE or REPLACE TABLE unionstock AS SELECT * FROM stock UNION VALUES ('spoons', 25), ('knives', 50)

# CREATE TABLE t AS SELECT a, b, EXISTS(SELECT c FROM cd WHERE cd.c=ab.a) FROM ab

statement error (?s)1006.*?Duplicated column name: number
create or replace table t01 as select number::varchar ,number::int, number::float  from numbers(10);

statement ok
create or replace table t01 as select number::varchar::int ,number::varchar as n1, number::float as n2  from numbers(10);

query ?????
desc t01
----
number INT YES NULL (empty)
n1 VARCHAR YES NULL (empty)
n2 FLOAT YES NULL (empty)

statement ok
drop table t01;
