statement ok
drop database if exists test_gram_index

statement ok
create database test_gram_index

statement ok
use test_gram_index

statement ok
CREATE TABLE t1 (id int, content string, NGRAM INDEX idx1 (content) gram_size = 5 bloom_size = 1048576)

statement ok
INSERT INTO t1 VALUES
(1, 'The quick brown fox jumps over the lazy dog'),
(2, 'A picture is worth a thousand words'),
(3, 'The early bird catches the worm'),
(4, 'Actions speak louder than words');

query TII
select name, index_size, bloom_index_size, ngram_index_size from system.tables where name='t1' and database='test_gram_index';
----
t1 1049509 1049509 1048617

query III
select row_count, bloom_filter_size, ngram_index_size from fuse_block('test_gram_index', 't1')
----
4 1049509 1048617

query IIIII
select block_count, row_count, index_size, bloom_index_size, ngram_index_size from fuse_segment('test_gram_index', 't1');
----
1 4 1049482 1049482 1048617

query IIIII
select block_count, row_count, index_size, bloom_index_size, ngram_index_size from fuse_snapshot('test_gram_index', 't1');
----
1 4 1049482 1049482 1048617

statement ok
CREATE TABLE t2 (id int, content string, name string)

statement error
CREATE NGRAM INDEX idx2 ON t2(content) gram_size = 0

statement error
CREATE NGRAM INDEX idx2 ON t2(content) bloom_size = 0

statement error
CREATE NGRAM INDEX idx2 ON t2(content) bloom_size = 511

statement error
CREATE NGRAM INDEX idx2 ON t2(content) bloom_size = 10485761

statement ok
CREATE NGRAM INDEX idx2 ON t2(content) gram_size = 5 bloom_size = 1048576

query T
select name, type, original, definition from system.indexes where database = 'test_gram_index' AND type = 'NGRAM';
----
idx1 NGRAM (empty) t1(content)bloom_size='1048576' gram_size='5'
idx2 NGRAM (empty) t2(content)bloom_size='1048576' gram_size='5'

statement error
CREATE INVERTED INDEX idx1 ON t1(content)

statement ok
DROP NGRAM INDEX idx2 ON t2

query T
select name, type, original, definition from system.indexes where database = 'test_gram_index' AND type = 'NGRAM';
----
idx1 NGRAM (empty) t1(content)bloom_size='1048576' gram_size='5'

query T
show create table t1;
----
t1 CREATE TABLE t1 (     id INT NULL,     content VARCHAR NULL,     SYNC NGRAM INDEX idx1 (content) bloom_size = '1048576', gram_size = '5'   ) ENGINE=FUSE

statement ok
use default

statement ok
drop database test_gram_index


